DC Volts:1.5 V Range:Yokogawa WT1600*0,-0.0006,2/20/2018 5:14:30 PM
DC Volts:1.5 V Range:Yokogawa WT1600*0,1.4989,2/20/2018 5:14:30 PM
DC Volts:1.5 V Range:Yokogawa WT1600*0,1.4988,2/20/2018 5:14:30 PM
DC Volts:1.5 V Range:Yokogawa WT1600*0,-0.0007,2/20/2018 5:14:32 PM
DC Volts:1.5 V Range:Yokogawa WT1600*0,-1.4993,2/20/2018 5:14:32 PM
DC Volts:1.5 V Range:Yokogawa WT1600*0,-1.4987,2/20/2018 5:14:32 PM
DC Volts:3 V Range:Yokogawa WT1600*0,-0.0009,2/20/2018 5:14:35 PM
DC Volts:3 V Range:Yokogawa WT1600*0,2.9981,2/20/2018 5:14:35 PM
DC Volts:3 V Range:Yokogawa WT1600*0,2.9973,2/20/2018 5:14:35 PM
DC Volts:3 V Range:Yokogawa WT1600*0,-0.0008,2/20/2018 5:14:37 PM
DC Volts:3 V Range:Yokogawa WT1600*0,-2.9987,2/20/2018 5:14:37 PM
DC Volts:3 V Range:Yokogawa WT1600*0,-2.9975,2/20/2018 5:14:37 PM
DC Volts:6 V Range:Yokogawa WT1600*0,-0.0004,2/20/2018 5:14:40 PM
DC Volts:6 V Range:Yokogawa WT1600*0,5.9966,2/20/2018 5:14:40 PM
DC Volts:6 V Range:Yokogawa WT1600*0,5.9927,2/20/2018 5:14:40 PM
DC Volts:6 V Range:Yokogawa WT1600*0,-0.0002,2/20/2018 5:14:43 PM
DC Volts:6 V Range:Yokogawa WT1600*0,-5.9963,2/20/2018 5:14:43 PM
DC Volts:6 V Range:Yokogawa WT1600*0,-5.9967,2/20/2018 5:14:43 PM
DC Volts:10 V Range:Yokogawa WT1600*0,0,2/20/2018 5:14:46 PM
DC Volts:10 V Range:Yokogawa WT1600*0,9.995,2/20/2018 5:14:46 PM
DC Volts:10 V Range:Yokogawa WT1600*0,9.991,2/20/2018 5:14:46 PM
DC Volts:10 V Range:Yokogawa WT1600*0,0,2/20/2018 5:14:48 PM
DC Volts:10 V Range:Yokogawa WT1600*0,-9.995,2/20/2018 5:14:48 PM
DC Volts:10 V Range:Yokogawa WT1600*0,-9.994,2/20/2018 5:14:48 PM
DC Volts:15 V Range:Yokogawa WT1600*0,-0.001,2/20/2018 5:14:51 PM
DC Volts:15 V Range:Yokogawa WT1600*0,14.997,2/20/2018 5:14:51 PM
DC Volts:15 V Range:Yokogawa WT1600*0,14.99,2/20/2018 5:14:51 PM
DC Volts:15 V Range:Yokogawa WT1600*0,0,2/20/2018 5:14:53 PM
DC Volts:15 V Range:Yokogawa WT1600*0,-14.993,2/20/2018 5:14:53 PM
DC Volts:15 V Range:Yokogawa WT1600*0,-14.99,2/20/2018 5:14:53 PM
DC Volts:30 V Range:Yokogawa WT1600*0,-0.009,2/20/2018 5:14:56 PM
DC Volts:30 V Range:Yokogawa WT1600*0,29.976,2/20/2018 5:14:56 PM
DC Volts:30 V Range:Yokogawa WT1600*0,29.974,2/20/2018 5:14:56 PM
DC Volts:30 V Range:Yokogawa WT1600*0,-0.009,2/20/2018 5:14:58 PM
DC Volts:30 V Range:Yokogawa WT1600*0,-29.993,2/20/2018 5:14:58 PM
DC Volts:30 V Range:Yokogawa WT1600*0,-29.979,2/20/2018 5:14:58 PM
DC Volts:60 V Range:Yokogawa WT1600*0,-0.012,2/20/2018 5:15:03 PM
DC Volts:60 V Range:Yokogawa WT1600*0,59.973,2/20/2018 5:15:03 PM
DC Volts:60 V Range:Yokogawa WT1600*0,59.954,2/20/2018 5:15:03 PM
DC Volts:60 V Range:Yokogawa WT1600*0,-0.01,2/20/2018 5:15:06 PM
DC Volts:60 V Range:Yokogawa WT1600*0,-59.96,2/20/2018 5:15:06 PM
DC Volts:60 V Range:Yokogawa WT1600*0,-59.944,2/20/2018 5:15:06 PM
DC Volts:100 V Range:Yokogawa WT1600*0,0,2/20/2018 5:15:10 PM
DC Volts:100 V Range:Yokogawa WT1600*0,99.95,2/20/2018 5:15:10 PM
DC Volts:100 V Range:Yokogawa WT1600*0,99.91,2/20/2018 5:15:10 PM
DC Volts:100 V Range:Yokogawa WT1600*0,0,2/20/2018 5:15:13 PM
DC Volts:100 V Range:Yokogawa WT1600*0,-99.95,2/20/2018 5:15:13 PM
DC Volts:100 V Range:Yokogawa WT1600*0,-99.95,2/20/2018 5:15:13 PM
DC Volts:100 V Range: Linearity:Yokogawa WT1600*0,0.01,2/20/2018 5:15:16 PM
DC Volts:100 V Range: Linearity:Yokogawa WT1600*0,49.98,2/20/2018 5:15:16 PM
DC Volts:100 V Range: Linearity:Yokogawa WT1600*0,49.95,2/20/2018 5:15:16 PM
DC Volts:100 V Range: Linearity:Yokogawa WT1600*0,0.01,2/20/2018 5:15:19 PM
DC Volts:100 V Range: Linearity:Yokogawa WT1600*0,-49.97,2/20/2018 5:15:19 PM
DC Volts:100 V Range: Linearity:Yokogawa WT1600*0,-49.97,2/20/2018 5:15:19 PM
DC Volts:100 V Range: Linearity:Yokogawa WT1600*0,0.01,2/20/2018 5:15:22 PM
DC Volts:100 V Range: Linearity:Yokogawa WT1600*0,9.99,2/20/2018 5:15:22 PM
DC Volts:100 V Range: Linearity:Yokogawa WT1600*0,9.98,2/20/2018 5:15:22 PM
DC Volts:100 V Range: Linearity:Yokogawa WT1600*0,0,2/20/2018 5:15:24 PM
DC Volts:100 V Range: Linearity:Yokogawa WT1600*0,-9.97,2/20/2018 5:15:24 PM
DC Volts:100 V Range: Linearity:Yokogawa WT1600*0,-9.99,2/20/2018 5:15:24 PM
DC Volts:100 V Range: Linearity:Yokogawa WT1600*0,0.01,2/20/2018 5:15:26 PM
DC Volts:100 V Range: Linearity:Yokogawa WT1600*0,1,2/20/2018 5:15:26 PM
DC Volts:100 V Range: Linearity:Yokogawa WT1600*0,0.99,2/20/2018 5:15:26 PM
DC Volts:100 V Range: Linearity:Yokogawa WT1600*0,0.01,2/20/2018 5:15:28 PM
DC Volts:100 V Range: Linearity:Yokogawa WT1600*0,-0.99,2/20/2018 5:15:28 PM
DC Volts:100 V Range: Linearity:Yokogawa WT1600*0,-1,2/20/2018 5:15:28 PM
DC Volts:150 V Range:Yokogawa WT1600*0,0,2/20/2018 5:15:33 PM
DC Volts:150 V Range:Yokogawa WT1600*0,150.02,2/20/2018 5:15:33 PM
DC Volts:150 V Range:Yokogawa WT1600*0,149.96,2/20/2018 5:15:33 PM
DC Volts:150 V Range:Yokogawa WT1600*0,0,2/20/2018 5:15:36 PM
DC Volts:150 V Range:Yokogawa WT1600*0,-150.02,2/20/2018 5:15:36 PM
DC Volts:150 V Range:Yokogawa WT1600*0,-149.97,2/20/2018 5:15:36 PM
DC Volts:300 V Range:Yokogawa WT1600*0,0.05,2/20/2018 5:15:40 PM
DC Volts:300 V Range:Yokogawa WT1600*0,299.95,2/20/2018 5:15:40 PM
DC Volts:300 V Range:Yokogawa WT1600*0,299.85,2/20/2018 5:15:40 PM
DC Volts:300 V Range:Yokogawa WT1600*0,0.06,2/20/2018 5:15:44 PM
DC Volts:300 V Range:Yokogawa WT1600*0,-299.99,2/20/2018 5:15:44 PM
DC Volts:300 V Range:Yokogawa WT1600*0,-299.98,2/20/2018 5:15:44 PM
DC Volts:1000 V Range:Yokogawa WT1600*0,0.2,2/20/2018 5:15:50 PM
DC Volts:1000 V Range:Yokogawa WT1600*0,900,2/20/2018 5:15:50 PM
DC Volts:1000 V Range:Yokogawa WT1600*0,899.7,2/20/2018 5:15:50 PM
DC Volts:1000 V Range:Yokogawa WT1600*0,0.3,2/20/2018 5:15:56 PM
DC Volts:1000 V Range:Yokogawa WT1600*0,-900.2,2/20/2018 5:15:56 PM
DC Volts:1000 V Range:Yokogawa WT1600*0,-899.9,2/20/2018 5:15:56 PM
AC Volts:1.5 V Range:Yokogawa WT1600*0,0.1172,2/20/2018 5:16:04 PM
AC Volts:1.5 V Range:Yokogawa WT1600*0,1.5001,2/20/2018 5:16:04 PM
AC Volts:1.5 V Range:Yokogawa WT1600*0,1.4996,2/20/2018 5:16:04 PM
AC Volts:1.5 V Range:Yokogawa WT1600*0,0.1208,2/20/2018 5:16:07 PM
AC Volts:1.5 V Range:Yokogawa WT1600*0,1.5042,2/20/2018 5:16:07 PM
AC Volts:1.5 V Range:Yokogawa WT1600*0,1.5037,2/20/2018 5:16:07 PM
AC Volts:1.5 V Range:Yokogawa WT1600*0,0.247,2/20/2018 5:16:09 PM
AC Volts:1.5 V Range:Yokogawa WT1600*0,1.5004,2/20/2018 5:16:09 PM
AC Volts:1.5 V Range:Yokogawa WT1600*0,1.5,2/20/2018 5:16:09 PM
AC Volts:1.5 V Range:Yokogawa WT1600*0,1.2061,2/20/2018 5:16:13 PM
AC Volts:1.5 V Range:Yokogawa WT1600*0,1.4993,2/20/2018 5:16:13 PM
AC Volts:1.5 V Range:Yokogawa WT1600*0,1.4992,2/20/2018 5:16:13 PM
AC Volts:1.5 V Range:Yokogawa WT1600*0,1.1465,2/20/2018 5:16:15 PM
AC Volts:1.5 V Range:Yokogawa WT1600*0,1.4997,2/20/2018 5:16:15 PM
AC Volts:1.5 V Range:Yokogawa WT1600*0,1.5009,2/20/2018 5:16:15 PM
AC Volts:1.5 V Range:Yokogawa WT1600*0,0.5824,2/20/2018 5:16:17 PM
AC Volts:1.5 V Range:Yokogawa WT1600*0,1.4821,2/20/2018 5:16:17 PM
AC Volts:1.5 V Range:Yokogawa WT1600*0,1.5005,2/20/2018 5:16:17 PM
AC Volts:3 V Range:Yokogawa WT1600*0,0.1249,2/20/2018 5:16:21 PM
AC Volts:3 V Range:Yokogawa WT1600*0,2.9977,2/20/2018 5:16:21 PM
AC Volts:3 V Range:Yokogawa WT1600*0,2.9967,2/20/2018 5:16:21 PM
AC Volts:3 V Range:Yokogawa WT1600*0,0.1256,2/20/2018 5:16:24 PM
AC Volts:3 V Range:Yokogawa WT1600*0,2.9956,2/20/2018 5:16:24 PM
AC Volts:3 V Range:Yokogawa WT1600*0,2.9948,2/20/2018 5:16:24 PM
AC Volts:3 V Range:Yokogawa WT1600*0,0.4758,2/20/2018 5:16:26 PM
AC Volts:3 V Range:Yokogawa WT1600*0,2.9966,2/20/2018 5:16:26 PM
AC Volts:3 V Range:Yokogawa WT1600*0,2.9957,2/20/2018 5:16:26 PM
AC Volts:3 V Range:Yokogawa WT1600*0,2.5625,2/20/2018 5:16:30 PM
AC Volts:3 V Range:Yokogawa WT1600*0,2.9976,2/20/2018 5:16:30 PM
AC Volts:3 V Range:Yokogawa WT1600*0,2.9975,2/20/2018 5:16:30 PM
AC Volts:3 V Range:Yokogawa WT1600*0,2.5191,2/20/2018 5:16:32 PM
AC Volts:3 V Range:Yokogawa WT1600*0,2.9969,2/20/2018 5:16:32 PM
AC Volts:3 V Range:Yokogawa WT1600*0,2.9986,2/20/2018 5:16:32 PM
AC Volts:3 V Range:Yokogawa WT1600*0,1.5274,2/20/2018 5:16:34 PM
AC Volts:3 V Range:Yokogawa WT1600*0,2.9565,2/20/2018 5:16:34 PM
AC Volts:3 V Range:Yokogawa WT1600*0,2.9932,2/20/2018 5:16:34 PM
AC Volts:6 V Range:Yokogawa WT1600*0,0.1338,2/20/2018 5:16:39 PM
AC Volts:6 V Range:Yokogawa WT1600*0,5.9943,2/20/2018 5:16:39 PM
AC Volts:6 V Range:Yokogawa WT1600*0,5.9924,2/20/2018 5:16:39 PM
AC Volts:6 V Range:Yokogawa WT1600*0,0.1466,2/20/2018 5:16:41 PM
AC Volts:6 V Range:Yokogawa WT1600*0,6.0003,2/20/2018 5:16:41 PM
AC Volts:6 V Range:Yokogawa WT1600*0,5.9985,2/20/2018 5:16:41 PM
AC Volts:6 V Range:Yokogawa WT1600*0,0.9582,2/20/2018 5:16:44 PM
AC Volts:6 V Range:Yokogawa WT1600*0,5.9931,2/20/2018 5:16:44 PM
AC Volts:6 V Range:Yokogawa WT1600*0,5.9913,2/20/2018 5:16:44 PM
AC Volts:6 V Range:Yokogawa WT1600*0,5.3202,2/20/2018 5:16:46 PM
AC Volts:6 V Range:Yokogawa WT1600*0,5.9944,2/20/2018 5:16:46 PM
AC Volts:6 V Range:Yokogawa WT1600*0,5.9945,2/20/2018 5:16:46 PM
AC Volts:6 V Range:Yokogawa WT1600*0,5.3024,2/20/2018 5:16:49 PM
AC Volts:6 V Range:Yokogawa WT1600*0,5.9856,2/20/2018 5:16:49 PM
AC Volts:6 V Range:Yokogawa WT1600*0,5.989,2/20/2018 5:16:49 PM
AC Volts:6 V Range:Yokogawa WT1600*0,1.5187,2/20/2018 5:16:52 PM
AC Volts:6 V Range:Yokogawa WT1600*0,2.9556,2/20/2018 5:16:52 PM
AC Volts:6 V Range:Yokogawa WT1600*0,2.9923,2/20/2018 5:16:52 PM
AC Volts:10 V Range:Yokogawa WT1600*0,0.143,2/20/2018 5:16:58 PM
AC Volts:10 V Range:Yokogawa WT1600*0,9.978,2/20/2018 5:16:58 PM
AC Volts:10 V Range:Yokogawa WT1600*0,9.975,2/20/2018 5:16:58 PM
AC Volts:10 V Range:Yokogawa WT1600*0,0.172,2/20/2018 5:17:00 PM
AC Volts:10 V Range:Yokogawa WT1600*0,9.988,2/20/2018 5:17:00 PM
AC Volts:10 V Range:Yokogawa WT1600*0,9.985,2/20/2018 5:17:00 PM
AC Volts:10 V Range:Yokogawa WT1600*0,1.622,2/20/2018 5:17:02 PM
AC Volts:10 V Range:Yokogawa WT1600*0,9.991,2/20/2018 5:17:02 PM
AC Volts:10 V Range:Yokogawa WT1600*0,9.988,2/20/2018 5:17:02 PM
AC Volts:10 V Range:Yokogawa WT1600*0,9.02,2/20/2018 5:17:06 PM
AC Volts:10 V Range:Yokogawa WT1600*0,9.991,2/20/2018 5:17:06 PM
AC Volts:10 V Range:Yokogawa WT1600*0,9.991,2/20/2018 5:17:06 PM
AC Volts:10 V Range:Yokogawa WT1600*0,9.049,2/20/2018 5:17:08 PM
AC Volts:10 V Range:Yokogawa WT1600*0,9.984,2/20/2018 5:17:08 PM
AC Volts:10 V Range:Yokogawa WT1600*0,9.99,2/20/2018 5:17:08 PM
AC Volts:10 V Range:Yokogawa WT1600*0,1.516,2/20/2018 5:17:12 PM
AC Volts:10 V Range:Yokogawa WT1600*0,2.955,2/20/2018 5:17:12 PM
AC Volts:10 V Range:Yokogawa WT1600*0,2.992,2/20/2018 5:17:12 PM
AC Volts:15 V Range:Yokogawa WT1600*0,0.141,2/20/2018 5:17:17 PM
AC Volts:15 V Range:Yokogawa WT1600*0,14.994,2/20/2018 5:17:17 PM
AC Volts:15 V Range:Yokogawa WT1600*0,14.989,2/20/2018 5:17:17 PM
AC Volts:15 V Range:Yokogawa WT1600*0,0.201,2/20/2018 5:17:19 PM
AC Volts:15 V Range:Yokogawa WT1600*0,14.99,2/20/2018 5:17:19 PM
AC Volts:15 V Range:Yokogawa WT1600*0,14.985,2/20/2018 5:17:19 PM
AC Volts:15 V Range:Yokogawa WT1600*0,2.468,2/20/2018 5:17:22 PM
AC Volts:15 V Range:Yokogawa WT1600*0,14.997,2/20/2018 5:17:22 PM
AC Volts:15 V Range:Yokogawa WT1600*0,14.992,2/20/2018 5:17:22 PM
AC Volts:15 V Range:Yokogawa WT1600*0,13.66,2/20/2018 5:17:25 PM
AC Volts:15 V Range:Yokogawa WT1600*0,14.991,2/20/2018 5:17:25 PM
AC Volts:15 V Range:Yokogawa WT1600*0,14.989,2/20/2018 5:17:25 PM
AC Volts:15 V Range:Yokogawa WT1600*0,13.73,2/20/2018 5:17:28 PM
AC Volts:15 V Range:Yokogawa WT1600*0,14.971,2/20/2018 5:17:28 PM
AC Volts:15 V Range:Yokogawa WT1600*0,14.979,2/20/2018 5:17:28 PM
AC Volts:15 V Range:Yokogawa WT1600*0,1.506,2/20/2018 5:17:31 PM
AC Volts:15 V Range:Yokogawa WT1600*0,2.943,2/20/2018 5:17:31 PM
AC Volts:15 V Range:Yokogawa WT1600*0,2.98,2/20/2018 5:17:31 PM
AC Volts:30 V Range:Yokogawa WT1600*0,0.166,2/20/2018 5:17:37 PM
AC Volts:30 V Range:Yokogawa WT1600*0,30.058,2/20/2018 5:17:37 PM
AC Volts:30 V Range:Yokogawa WT1600*0,30.048,2/20/2018 5:17:37 PM
AC Volts:30 V Range:Yokogawa WT1600*0,0.337,2/20/2018 5:17:39 PM
AC Volts:30 V Range:Yokogawa WT1600*0,29.998,2/20/2018 5:17:39 PM
AC Volts:30 V Range:Yokogawa WT1600*0,29.988,2/20/2018 5:17:39 PM
AC Volts:30 V Range:Yokogawa WT1600*0,5.029,2/20/2018 5:17:41 PM
AC Volts:30 V Range:Yokogawa WT1600*0,29.967,2/20/2018 5:17:41 PM
AC Volts:30 V Range:Yokogawa WT1600*0,29.958,2/20/2018 5:17:41 PM
AC Volts:30 V Range:Yokogawa WT1600*0,27.601,2/20/2018 5:17:45 PM
AC Volts:30 V Range:Yokogawa WT1600*0,29.976,2/20/2018 5:17:45 PM
AC Volts:30 V Range:Yokogawa WT1600*0,29.974,2/20/2018 5:17:45 PM
AC Volts:30 V Range:Yokogawa WT1600*0,27.797,2/20/2018 5:17:47 PM
AC Volts:30 V Range:Yokogawa WT1600*0,29.917,2/20/2018 5:17:47 PM
AC Volts:30 V Range:Yokogawa WT1600*0,29.933,2/20/2018 5:17:47 PM
AC Volts:30 V Range:Yokogawa WT1600*0,1.502,2/20/2018 5:17:51 PM
AC Volts:30 V Range:Yokogawa WT1600*0,2.939,2/20/2018 5:17:51 PM
AC Volts:30 V Range:Yokogawa WT1600*0,2.976,2/20/2018 5:17:51 PM
AC Volts:60 V Range:Yokogawa WT1600*0,0.183,2/20/2018 5:17:56 PM
AC Volts:60 V Range:Yokogawa WT1600*0,30.012,2/20/2018 5:17:56 PM
AC Volts:60 V Range:Yokogawa WT1600*0,30.003,2/20/2018 5:17:56 PM
AC Volts:60 V Range:Yokogawa WT1600*0,0,2/20/2018 5:17:58 PM
AC Volts:60 V Range:Yokogawa WT1600*0,0,2/20/2018 5:17:58 PM
AC Volts:60 V Range:Yokogawa WT1600*0,0,2/20/2018 5:17:58 PM
AC Volts:60 V Range:Yokogawa WT1600*0,0,2/20/2018 5:17:59 PM
AC Volts:60 V Range:Yokogawa WT1600*0,0,2/20/2018 5:17:59 PM
AC Volts:60 V Range:Yokogawa WT1600*0,0,2/20/2018 5:17:59 PM
AC Volts:60 V Range:Yokogawa WT1600*0,0,2/20/2018 5:18:01 PM
AC Volts:60 V Range:Yokogawa WT1600*0,0,2/20/2018 5:18:01 PM
AC Volts:60 V Range:Yokogawa WT1600*0,0,2/20/2018 5:18:01 PM
AC Volts:60 V Range:Yokogawa WT1600*0,0,2/20/2018 5:18:02 PM
AC Volts:60 V Range:Yokogawa WT1600*0,0,2/20/2018 5:18:02 PM
AC Volts:60 V Range:Yokogawa WT1600*0,0,2/20/2018 5:18:02 PM
AC Volts:100 V Range:Yokogawa WT1600*0,0,2/20/2018 5:18:05 PM
AC Volts:100 V Range:Yokogawa WT1600*0,0,2/20/2018 5:18:05 PM
AC Volts:100 V Range:Yokogawa WT1600*0,0,2/20/2018 5:18:05 PM
AC Volts:100 V Range:Yokogawa WT1600*0,1.05,2/20/2018 5:18:11 PM
AC Volts:100 V Range:Yokogawa WT1600*0,99.93,2/20/2018 5:18:11 PM
AC Volts:100 V Range:Yokogawa WT1600*0,99.89,2/20/2018 5:18:11 PM
AC Volts:100 V Range:Yokogawa WT1600*0,16.98,2/20/2018 5:18:14 PM
AC Volts:100 V Range:Yokogawa WT1600*0,100.02,2/20/2018 5:18:14 PM
AC Volts:100 V Range:Yokogawa WT1600*0,99.99,2/20/2018 5:18:14 PM
AC Volts:100 V Range:Yokogawa WT1600*0,93.21,2/20/2018 5:18:21 PM
AC Volts:100 V Range:Yokogawa WT1600*0,99.93,2/20/2018 5:18:21 PM
AC Volts:100 V Range:Yokogawa WT1600*0,99.92,2/20/2018 5:18:21 PM
AC Volts:100 V Range:Yokogawa WT1600*0,94.09,2/20/2018 5:18:23 PM
AC Volts:100 V Range:Yokogawa WT1600*0,99.79,2/20/2018 5:18:23 PM
AC Volts:100 V Range:Yokogawa WT1600*0,99.85,2/20/2018 5:18:23 PM
AC Volts:150 V Range:Yokogawa WT1600*0,0,2/20/2018 5:18:30 PM
AC Volts:150 V Range:Yokogawa WT1600*0,30.03,2/20/2018 5:18:30 PM
AC Volts:150 V Range:Yokogawa WT1600*0,30.03,2/20/2018 5:18:30 PM
AC Volts:150 V Range:Yokogawa WT1600*0,1.58,2/20/2018 5:18:37 PM
AC Volts:150 V Range:Yokogawa WT1600*0,150.14,2/20/2018 5:18:37 PM
AC Volts:150 V Range:Yokogawa WT1600*0,150.1,2/20/2018 5:18:37 PM
AC Volts:150 V Range:Yokogawa WT1600*0,25.53,2/20/2018 5:18:39 PM
AC Volts:150 V Range:Yokogawa WT1600*0,150.05,2/20/2018 5:18:39 PM
AC Volts:150 V Range:Yokogawa WT1600*0,150.01,2/20/2018 5:18:39 PM
AC Volts:150 V Range:Yokogawa WT1600*0,140.23,2/20/2018 5:18:47 PM
AC Volts:150 V Range:Yokogawa WT1600*0,149.94,2/20/2018 5:18:47 PM
AC Volts:150 V Range:Yokogawa WT1600*0,149.94,2/20/2018 5:18:47 PM
AC Volts:150 V Range:Yokogawa WT1600*0,141.56,2/20/2018 5:18:49 PM
AC Volts:150 V Range:Yokogawa WT1600*0,149.77,2/20/2018 5:18:49 PM
AC Volts:150 V Range:Yokogawa WT1600*0,149.86,2/20/2018 5:18:49 PM
AC Volts:300 V Range:Yokogawa WT1600*0,0,2/20/2018 5:18:55 PM
AC Volts:300 V Range:Yokogawa WT1600*0,30.02,2/20/2018 5:18:55 PM
AC Volts:300 V Range:Yokogawa WT1600*0,30.03,2/20/2018 5:18:55 PM
AC Volts:300 V Range:Yokogawa WT1600*0,3.12,2/20/2018 5:19:03 PM
AC Volts:300 V Range:Yokogawa WT1600*0,300.11,2/20/2018 5:19:03 PM
AC Volts:300 V Range:Yokogawa WT1600*0,300.02,2/20/2018 5:19:03 PM
AC Volts:300 V Range:Yokogawa WT1600*0,51.17,2/20/2018 5:19:06 PM
AC Volts:300 V Range:Yokogawa WT1600*0,299.99,2/20/2018 5:19:06 PM
AC Volts:300 V Range:Yokogawa WT1600*0,299.89,2/20/2018 5:19:06 PM
AC Volts:300 V Range:Yokogawa WT1600*0,281.19,2/20/2018 5:19:13 PM
AC Volts:300 V Range:Yokogawa WT1600*0,299.82,2/20/2018 5:19:13 PM
AC Volts:300 V Range:Yokogawa WT1600*0,299.82,2/20/2018 5:19:13 PM
AC Volts:1000 V Range:Yokogawa WT1600*0,0,2/20/2018 5:19:19 PM
AC Volts:1000 V Range:Yokogawa WT1600*0,29.9,2/20/2018 5:19:19 PM
AC Volts:1000 V Range:Yokogawa WT1600*0,30,2/20/2018 5:19:19 PM
AC Volts:1000 V Range:Yokogawa WT1600*0,9.4,2/20/2018 5:19:27 PM
AC Volts:1000 V Range:Yokogawa WT1600*0,897.9,2/20/2018 5:19:27 PM
AC Volts:1000 V Range:Yokogawa WT1600*0,897.5,2/20/2018 5:19:27 PM
AC Volts:1000 V Range:Yokogawa WT1600*0,153.6,2/20/2018 5:19:29 PM
AC Volts:1000 V Range:Yokogawa WT1600*0,900.2,2/20/2018 5:19:29 PM
AC Volts:1000 V Range:Yokogawa WT1600*0,899.9,2/20/2018 5:19:29 PM
DC Current - Low:10 mA Range:Yokogawa WT1600*0,-0.0001,2/20/2018 5:19:37 PM
DC Current - Low:10 mA Range:Yokogawa WT1600*0,-0.0002,2/20/2018 5:19:37 PM
DC Current - Low:10 mA Range:Yokogawa WT1600*0,0.0002,2/20/2018 5:19:37 PM
DC Current - Low:10 mA Range:Yokogawa WT1600*0,-0.0001,2/20/2018 5:19:37 PM
DC Current - Low:10 mA Range:Yokogawa WT1600*0,-0.0001,2/20/2018 5:19:37 PM
DC Current - Low:10 mA Range:Yokogawa WT1600*0,0.0001,2/20/2018 5:19:37 PM
DC Current - Low:20 mA Range:Yokogawa WT1600*0,-0.0002,2/20/2018 5:19:42 PM
DC Current - Low:20 mA Range:Yokogawa WT1600*0,-0.0001,2/20/2018 5:19:42 PM
DC Current - Low:20 mA Range:Yokogawa WT1600*0,0.0002,2/20/2018 5:19:42 PM
DC Current - Low:20 mA Range:Yokogawa WT1600*0,-0.0002,2/20/2018 5:19:42 PM
DC Current - Low:20 mA Range:Yokogawa WT1600*0,-0.0001,2/20/2018 5:19:42 PM
DC Current - Low:20 mA Range:Yokogawa WT1600*0,0,2/20/2018 5:19:42 PM
DC Current - Low:50 mA Range:Yokogawa WT1600*0,-0.0003,2/20/2018 5:19:48 PM
DC Current - Low:50 mA Range:Yokogawa WT1600*0,0.0003,2/20/2018 5:19:48 PM
DC Current - Low:50 mA Range:Yokogawa WT1600*0,0,2/20/2018 5:19:48 PM
DC Current - Low:50 mA Range:Yokogawa WT1600*0,-0.0002,2/20/2018 5:19:48 PM
DC Current - Low:50 mA Range:Yokogawa WT1600*0,0.0002,2/20/2018 5:19:48 PM
DC Current - Low:50 mA Range:Yokogawa WT1600*0,0,2/20/2018 5:19:48 PM
DC Current - Low:100 mA Range:Yokogawa WT1600*0,-0.0003,2/20/2018 5:19:53 PM
DC Current - Low:100 mA Range:Yokogawa WT1600*0,0.0003,2/20/2018 5:19:53 PM
DC Current - Low:100 mA Range:Yokogawa WT1600*0,0,2/20/2018 5:19:53 PM
DC Current - Low:100 mA Range:Yokogawa WT1600*0,-0.0004,2/20/2018 5:19:53 PM
DC Current - Low:100 mA Range:Yokogawa WT1600*0,0.0002,2/20/2018 5:19:53 PM
DC Current - Low:100 mA Range:Yokogawa WT1600*0,0,2/20/2018 5:19:53 PM
DC Current - Low:200 mA Range:Yokogawa WT1600*0,-0.0002,2/20/2018 5:19:58 PM
DC Current - Low:200 mA Range:Yokogawa WT1600*0,0.0005,2/20/2018 5:19:58 PM
DC Current - Low:200 mA Range:Yokogawa WT1600*0,0.0003,2/20/2018 5:19:58 PM
DC Current - Low:200 mA Range:Yokogawa WT1600*0,-0.0002,2/20/2018 5:19:58 PM
DC Current - Low:200 mA Range:Yokogawa WT1600*0,0.0004,2/20/2018 5:19:58 PM
DC Current - Low:200 mA Range:Yokogawa WT1600*0,0.0002,2/20/2018 5:19:58 PM
DC Current - Low:500 mA Range:Yokogawa WT1600*0,-0.0002,2/20/2018 5:20:04 PM
DC Current - Low:500 mA Range:Yokogawa WT1600*0,0,2/20/2018 5:20:04 PM
DC Current - Low:500 mA Range:Yokogawa WT1600*0,0,2/20/2018 5:20:04 PM
DC Current - Low:500 mA Range:Yokogawa WT1600*0,-0.0001,2/20/2018 5:20:04 PM
DC Current - Low:500 mA Range:Yokogawa WT1600*0,0,2/20/2018 5:20:04 PM
DC Current - Low:500 mA Range:Yokogawa WT1600*0,0.0001,2/20/2018 5:20:04 PM
DC Current - Low:1 A Range:Yokogawa WT1600*0,-0.0001,2/20/2018 5:20:09 PM
DC Current - Low:1 A Range:Yokogawa WT1600*0,0.0001,2/20/2018 5:20:09 PM
DC Current - Low:1 A Range:Yokogawa WT1600*0,0.0001,2/20/2018 5:20:09 PM
DC Current - Low:1 A Range:Yokogawa WT1600*0,-0.0003,2/20/2018 5:20:09 PM
DC Current - Low:1 A Range:Yokogawa WT1600*0,-0.0001,2/20/2018 5:20:09 PM
DC Current - Low:1 A Range:Yokogawa WT1600*0,-0.0001,2/20/2018 5:20:09 PM
DC Current - Low:2 A Range:Yokogawa WT1600*0,-0.0008,2/20/2018 5:20:15 PM
DC Current - Low:2 A Range:Yokogawa WT1600*0,0,2/20/2018 5:20:15 PM
DC Current - Low:2 A Range:Yokogawa WT1600*0,-0.0009,2/20/2018 5:20:15 PM
DC Current - Low:2 A Range:Yokogawa WT1600*0,-0.0004,2/20/2018 5:20:15 PM
DC Current - Low:2 A Range:Yokogawa WT1600*0,0.0004,2/20/2018 5:20:15 PM
DC Current - Low:2 A Range:Yokogawa WT1600*0,-0.0003,2/20/2018 5:20:15 PM
,NaN,
,NaN,
,NaN,
,NaN,
AC Current - Low:10 mA Range:Yokogawa WT1600*0,0.0106,2/20/2018 5:20:22 PM
AC Current - Low:10 mA Range:Yokogawa WT1600*0,0.01,2/20/2018 5:20:22 PM
AC Current - Low:10 mA Range:Yokogawa WT1600*0,0.0113,2/20/2018 5:20:22 PM
AC Current - Low:10 mA Range:Yokogawa WT1600*0,0.0099,2/20/2018 5:20:26 PM
AC Current - Low:10 mA Range:Yokogawa WT1600*0,0.011,2/20/2018 5:20:26 PM
AC Current - Low:10 mA Range:Yokogawa WT1600*0,0.0099,2/20/2018 5:20:26 PM
AC Current - Low:10 mA Range:Yokogawa WT1600*0,0.0098,2/20/2018 5:20:30 PM
AC Current - Low:10 mA Range:Yokogawa WT1600*0,0.0111,2/20/2018 5:20:30 PM
AC Current - Low:10 mA Range:Yokogawa WT1600*0,0.0104,2/20/2018 5:20:30 PM
AC Current - Low:10 mA Range:Yokogawa WT1600*0,0.0103,2/20/2018 5:20:35 PM
AC Current - Low:10 mA Range:Yokogawa WT1600*0,0.0102,2/20/2018 5:20:35 PM
AC Current - Low:10 mA Range:Yokogawa WT1600*0,0.0107,2/20/2018 5:20:35 PM
AC Current - Low:20 mA Range:Yokogawa WT1600*0,0.02,2/20/2018 5:20:40 PM
AC Current - Low:20 mA Range:Yokogawa WT1600*0,0.02,2/20/2018 5:20:40 PM
AC Current - Low:20 mA Range:Yokogawa WT1600*0,0.0206,2/20/2018 5:20:40 PM
AC Current - Low:20 mA Range:Yokogawa WT1600*0,0.0201,2/20/2018 5:20:44 PM
AC Current - Low:20 mA Range:Yokogawa WT1600*0,0.02,2/20/2018 5:20:44 PM
AC Current - Low:20 mA Range:Yokogawa WT1600*0,0.0201,2/20/2018 5:20:44 PM
AC Current - Low:20 mA Range:Yokogawa WT1600*0,0.0202,2/20/2018 5:20:48 PM
AC Current - Low:20 mA Range:Yokogawa WT1600*0,0.0204,2/20/2018 5:20:48 PM
AC Current - Low:20 mA Range:Yokogawa WT1600*0,0.0201,2/20/2018 5:20:48 PM
AC Current - Low:20 mA Range:Yokogawa WT1600*0,0.0201,2/20/2018 5:20:53 PM
AC Current - Low:20 mA Range:Yokogawa WT1600*0,0.0199,2/20/2018 5:20:53 PM
AC Current - Low:20 mA Range:Yokogawa WT1600*0,0.0201,2/20/2018 5:20:53 PM
AC Current - Low:50 mA Range:Yokogawa WT1600*0,0.0499,2/20/2018 5:20:59 PM
AC Current - Low:50 mA Range:Yokogawa WT1600*0,0.0502,2/20/2018 5:20:59 PM
AC Current - Low:50 mA Range:Yokogawa WT1600*0,0.0501,2/20/2018 5:20:59 PM
AC Current - Low:50 mA Range:Yokogawa WT1600*0,0.0501,2/20/2018 5:21:03 PM
AC Current - Low:50 mA Range:Yokogawa WT1600*0,0.0499,2/20/2018 5:21:03 PM
AC Current - Low:50 mA Range:Yokogawa WT1600*0,0.0501,2/20/2018 5:21:03 PM
AC Current - Low:50 mA Range:Yokogawa WT1600*0,0.05,2/20/2018 5:21:07 PM
AC Current - Low:50 mA Range:Yokogawa WT1600*0,0.0502,2/20/2018 5:21:07 PM
AC Current - Low:50 mA Range:Yokogawa WT1600*0,0.0502,2/20/2018 5:21:07 PM
AC Current - Low:50 mA Range:Yokogawa WT1600*0,0.0499,2/20/2018 5:21:11 PM
AC Current - Low:50 mA Range:Yokogawa WT1600*0,0.0499,2/20/2018 5:21:11 PM
AC Current - Low:50 mA Range:Yokogawa WT1600*0,0.0496,2/20/2018 5:21:11 PM
AC Current - Low:100 mA Range:Yokogawa WT1600*0,0.1001,2/20/2018 5:21:17 PM
AC Current - Low:100 mA Range:Yokogawa WT1600*0,0.0999,2/20/2018 5:21:17 PM
AC Current - Low:100 mA Range:Yokogawa WT1600*0,0.1001,2/20/2018 5:21:17 PM
AC Current - Low:100 mA Range:Yokogawa WT1600*0,0.0999,2/20/2018 5:21:21 PM
AC Current - Low:100 mA Range:Yokogawa WT1600*0,0.1,2/20/2018 5:21:21 PM
AC Current - Low:100 mA Range:Yokogawa WT1600*0,0.1,2/20/2018 5:21:21 PM
AC Current - Low:100 mA Range:Yokogawa WT1600*0,0.1001,2/20/2018 5:21:25 PM
AC Current - Low:100 mA Range:Yokogawa WT1600*0,0.1002,2/20/2018 5:21:25 PM
AC Current - Low:100 mA Range:Yokogawa WT1600*0,0.1002,2/20/2018 5:21:25 PM
AC Current - Low:100 mA Range:Yokogawa WT1600*0,0.0998,2/20/2018 5:21:29 PM
AC Current - Low:100 mA Range:Yokogawa WT1600*0,0.0994,2/20/2018 5:21:29 PM
AC Current - Low:100 mA Range:Yokogawa WT1600*0,0.0991,2/20/2018 5:21:29 PM
AC Current - Low:200 mA Range:Yokogawa WT1600*0,0.1998,2/20/2018 5:21:35 PM
AC Current - Low:200 mA Range:Yokogawa WT1600*0,0.1999,2/20/2018 5:21:35 PM
AC Current - Low:200 mA Range:Yokogawa WT1600*0,0.1997,2/20/2018 5:21:35 PM
AC Current - Low:200 mA Range:Yokogawa WT1600*0,0.1999,2/20/2018 5:21:39 PM
AC Current - Low:200 mA Range:Yokogawa WT1600*0,0.2,2/20/2018 5:21:39 PM
AC Current - Low:200 mA Range:Yokogawa WT1600*0,0.2,2/20/2018 5:21:39 PM
AC Current - Low:200 mA Range:Yokogawa WT1600*0,0.2002,2/20/2018 5:21:43 PM
AC Current - Low:200 mA Range:Yokogawa WT1600*0,0.2003,2/20/2018 5:21:43 PM
AC Current - Low:200 mA Range:Yokogawa WT1600*0,0.2002,2/20/2018 5:21:43 PM
AC Current - Low:200 mA Range:Yokogawa WT1600*0,0.1993,2/20/2018 5:21:48 PM
AC Current - Low:200 mA Range:Yokogawa WT1600*0,0.1987,2/20/2018 5:21:48 PM
AC Current - Low:200 mA Range:Yokogawa WT1600*0,0.1982,2/20/2018 5:21:48 PM
AC Current - Low:500 mA Range:Yokogawa WT1600*0,0.4997,2/20/2018 5:21:54 PM
AC Current - Low:500 mA Range:Yokogawa WT1600*0,0.4999,2/20/2018 5:21:54 PM
AC Current - Low:500 mA Range:Yokogawa WT1600*0,0.4999,2/20/2018 5:21:54 PM
AC Current - Low:500 mA Range:Yokogawa WT1600*0,0.4997,2/20/2018 5:21:58 PM
AC Current - Low:500 mA Range:Yokogawa WT1600*0,0.4999,2/20/2018 5:21:58 PM
AC Current - Low:500 mA Range:Yokogawa WT1600*0,0.4997,2/20/2018 5:21:58 PM
AC Current - Low:500 mA Range:Yokogawa WT1600*0,0.5007,2/20/2018 5:22:02 PM
AC Current - Low:500 mA Range:Yokogawa WT1600*0,0.501,2/20/2018 5:22:02 PM
AC Current - Low:500 mA Range:Yokogawa WT1600*0,0.5005,2/20/2018 5:22:02 PM
AC Current - Low:500 mA Range:Yokogawa WT1600*0,0.299,2/20/2018 5:22:08 PM
AC Current - Low:500 mA Range:Yokogawa WT1600*0,0.2982,2/20/2018 5:22:08 PM
AC Current - Low:500 mA Range:Yokogawa WT1600*0,0.2973,2/20/2018 5:22:08 PM
AC Current - Low:1 A Range:Yokogawa WT1600*0,0.9995,2/20/2018 5:22:14 PM
AC Current - Low:1 A Range:Yokogawa WT1600*0,0.9999,2/20/2018 5:22:14 PM
AC Current - Low:1 A Range:Yokogawa WT1600*0,0.9997,2/20/2018 5:22:14 PM
AC Current - Low:1 A Range:Yokogawa WT1600*0,0.9993,2/20/2018 5:22:18 PM
AC Current - Low:1 A Range:Yokogawa WT1600*0,0.9999,2/20/2018 5:22:18 PM
AC Current - Low:1 A Range:Yokogawa WT1600*0,0.9995,2/20/2018 5:22:18 PM
AC Current - Low:1 A Range:Yokogawa WT1600*0,1.0015,2/20/2018 5:22:23 PM
AC Current - Low:1 A Range:Yokogawa WT1600*0,1.002,2/20/2018 5:22:23 PM
AC Current - Low:1 A Range:Yokogawa WT1600*0,1.0009,2/20/2018 5:22:23 PM
AC Current - Low:1 A Range:Yokogawa WT1600*0,0.299,2/20/2018 5:22:28 PM
AC Current - Low:1 A Range:Yokogawa WT1600*0,0.298,2/20/2018 5:22:28 PM
AC Current - Low:1 A Range:Yokogawa WT1600*0,0.2974,2/20/2018 5:22:28 PM
AC Current - Low:2 A Range:Yokogawa WT1600*0,1.9987,2/20/2018 5:22:35 PM
AC Current - Low:2 A Range:Yokogawa WT1600*0,1.9998,2/20/2018 5:22:35 PM
AC Current - Low:2 A Range:Yokogawa WT1600*0,1.9988,2/20/2018 5:22:35 PM
AC Current - Low:2 A Range:Yokogawa WT1600*0,1.9987,2/20/2018 5:22:40 PM
AC Current - Low:2 A Range:Yokogawa WT1600*0,1.9999,2/20/2018 5:22:40 PM
AC Current - Low:2 A Range:Yokogawa WT1600*0,1.9988,2/20/2018 5:22:40 PM
AC Current - Low:2 A Range:Yokogawa WT1600*0,2.0027,2/20/2018 5:22:44 PM
AC Current - Low:2 A Range:Yokogawa WT1600*0,2.0038,2/20/2018 5:22:44 PM
AC Current - Low:2 A Range:Yokogawa WT1600*0,2.0014,2/20/2018 5:22:44 PM
AC Current - Low:2 A Range:Yokogawa WT1600*0,0.2991,2/20/2018 5:22:49 PM
AC Current - Low:2 A Range:Yokogawa WT1600*0,0.2982,2/20/2018 5:22:49 PM
AC Current - Low:2 A Range:Yokogawa WT1600*0,0.2974,2/20/2018 5:22:49 PM
AC Current - Low:5 A Range:Yokogawa WT1600*0,0.299,2/20/2018 5:22:51 PM
AC Current - Low:5 A Range:Yokogawa WT1600*0,0.298,2/20/2018 5:22:51 PM
AC Current - Low:5 A Range:Yokogawa WT1600*0,0.2975,2/20/2018 5:22:51 PM
,NaN,
,NaN,
,NaN,
,NaN,
,NaN,
,NaN,
,NaN,
,NaN,
,NaN,
,NaN,
,NaN,
,NaN,
DC Power - Low:1.5 V / 1 A Range:Yokogawa WT1600*0,-0.009,2/20/2018 5:23:00 PM
DC Power - Low:1.5 V / 1 A Range:Yokogawa WT1600*0,-0.0018,2/20/2018 5:23:00 PM
DC Power - Low:1.5 V / 1 A Range:Yokogawa WT1600*0,-0.0018,2/20/2018 5:23:00 PM
DC Power - Low:1.5 V / 1 A Range:Yokogawa WT1600*0,-0.0091,2/20/2018 5:23:00 PM
DC Power - Low:1.5 V / 1 A Range:Yokogawa WT1600*0,-0.0018,2/20/2018 5:23:00 PM
DC Power - Low:1.5 V / 1 A Range:Yokogawa WT1600*0,-0.0018,2/20/2018 5:23:00 PM
DC Power - Low:3 V / 1 A Range:Yokogawa WT1600*0,-0.0087,2/20/2018 5:23:03 PM
DC Power - Low:3 V / 1 A Range:Yokogawa WT1600*0,-0.0019,2/20/2018 5:23:03 PM
DC Power - Low:3 V / 1 A Range:Yokogawa WT1600*0,-0.0018,2/20/2018 5:23:03 PM
DC Power - Low:3 V / 1 A Range:Yokogawa WT1600*0,-0.0088,2/20/2018 5:23:04 PM
DC Power - Low:3 V / 1 A Range:Yokogawa WT1600*0,-0.0018,2/20/2018 5:23:04 PM
DC Power - Low:3 V / 1 A Range:Yokogawa WT1600*0,-0.0018,2/20/2018 5:23:04 PM
DC Power - Low:6 V / 1 A Range:Yokogawa WT1600*0,-0.0088,2/20/2018 5:23:07 PM
DC Power - Low:6 V / 1 A Range:Yokogawa WT1600*0,-0.0018,2/20/2018 5:23:07 PM
DC Power - Low:6 V / 1 A Range:Yokogawa WT1600*0,-0.0018,2/20/2018 5:23:07 PM
DC Power - Low:6 V / 1 A Range:Yokogawa WT1600*0,-0.0088,2/20/2018 5:23:07 PM
DC Power - Low:6 V / 1 A Range:Yokogawa WT1600*0,-0.0018,2/20/2018 5:23:07 PM
DC Power - Low:6 V / 1 A Range:Yokogawa WT1600*0,-0.0017,2/20/2018 5:23:07 PM
DC Power - Low:10 V / 1 A Range:Yokogawa WT1600*0,-0.009,2/20/2018 5:23:10 PM
DC Power - Low:10 V / 1 A Range:Yokogawa WT1600*0,-0.002,2/20/2018 5:23:10 PM
DC Power - Low:10 V / 1 A Range:Yokogawa WT1600*0,-0.002,2/20/2018 5:23:10 PM
DC Power - Low:10 V / 1 A Range:Yokogawa WT1600*0,-0.009,2/20/2018 5:23:10 PM
DC Power - Low:10 V / 1 A Range:Yokogawa WT1600*0,-0.002,2/20/2018 5:23:10 PM
DC Power - Low:10 V / 1 A Range:Yokogawa WT1600*0,-0.002,2/20/2018 5:23:10 PM
DC Power - Low:15 V / 1 A Range:Yokogawa WT1600*0,-0.009,2/20/2018 5:23:13 PM
DC Power - Low:15 V / 1 A Range:Yokogawa WT1600*0,-0.002,2/20/2018 5:23:13 PM
DC Power - Low:15 V / 1 A Range:Yokogawa WT1600*0,-0.002,2/20/2018 5:23:13 PM
DC Power - Low:15 V / 1 A Range:Yokogawa WT1600*0,-0.009,2/20/2018 5:23:14 PM
DC Power - Low:15 V / 1 A Range:Yokogawa WT1600*0,-0.002,2/20/2018 5:23:14 PM
DC Power - Low:15 V / 1 A Range:Yokogawa WT1600*0,-0.002,2/20/2018 5:23:14 PM
DC Power - Low:30 V / 1 A Range:Yokogawa WT1600*0,-0.009,2/20/2018 5:23:17 PM
DC Power - Low:30 V / 1 A Range:Yokogawa WT1600*0,-0.002,2/20/2018 5:23:17 PM
DC Power - Low:30 V / 1 A Range:Yokogawa WT1600*0,-0.002,2/20/2018 5:23:17 PM
DC Power - Low:30 V / 1 A Range:Yokogawa WT1600*0,-0.009,2/20/2018 5:23:17 PM
DC Power - Low:30 V / 1 A Range:Yokogawa WT1600*0,-0.002,2/20/2018 5:23:17 PM
DC Power - Low:30 V / 1 A Range:Yokogawa WT1600*0,-0.002,2/20/2018 5:23:17 PM
DC Power - Low:60 V / 1 A Range:Yokogawa WT1600*0,-0.009,2/20/2018 5:23:21 PM
DC Power - Low:60 V / 1 A Range:Yokogawa WT1600*0,-0.002,2/20/2018 5:23:21 PM
DC Power - Low:60 V / 1 A Range:Yokogawa WT1600*0,-0.002,2/20/2018 5:23:21 PM
DC Power - Low:60 V / 1 A Range:Yokogawa WT1600*0,-0.009,2/20/2018 5:23:21 PM
DC Power - Low:60 V / 1 A Range:Yokogawa WT1600*0,-0.002,2/20/2018 5:23:21 PM
DC Power - Low:60 V / 1 A Range:Yokogawa WT1600*0,-0.002,2/20/2018 5:23:21 PM
DC Power - Low:100 V / X A Range:Yokogawa WT1600*0,0,2/20/2018 5:23:25 PM
DC Power - Low:100 V / X A Range:Yokogawa WT1600*0,0,2/20/2018 5:23:25 PM
DC Power - Low:100 V / X A Range:Yokogawa WT1600*0,0,2/20/2018 5:23:25 PM
DC Power - Low:100 V / X A Range:Yokogawa WT1600*0,0,2/20/2018 5:23:25 PM
DC Power - Low:100 V / X A Range:Yokogawa WT1600*0,0,2/20/2018 5:23:25 PM
DC Power - Low:100 V / X A Range:Yokogawa WT1600*0,0,2/20/2018 5:23:25 PM
DC Power - Low:100 V / X A Range:Yokogawa WT1600*0,0,2/20/2018 5:23:28 PM
DC Power - Low:100 V / X A Range:Yokogawa WT1600*0,0,2/20/2018 5:23:28 PM
DC Power - Low:100 V / X A Range:Yokogawa WT1600*0,0,2/20/2018 5:23:28 PM
DC Power - Low:100 V / X A Range:Yokogawa WT1600*0,0,2/20/2018 5:23:28 PM
DC Power - Low:100 V / X A Range:Yokogawa WT1600*0,0,2/20/2018 5:23:28 PM
DC Power - Low:100 V / X A Range:Yokogawa WT1600*0,0,2/20/2018 5:23:28 PM
DC Power - Low:100 V / X A Range:Yokogawa WT1600*0,0,2/20/2018 5:23:30 PM
DC Power - Low:100 V / X A Range:Yokogawa WT1600*0,0,2/20/2018 5:23:30 PM
DC Power - Low:100 V / X A Range:Yokogawa WT1600*0,0,2/20/2018 5:23:30 PM
DC Power - Low:100 V / X A Range:Yokogawa WT1600*0,0,2/20/2018 5:23:31 PM
DC Power - Low:100 V / X A Range:Yokogawa WT1600*0,0,2/20/2018 5:23:31 PM
DC Power - Low:100 V / X A Range:Yokogawa WT1600*0,0,2/20/2018 5:23:31 PM
DC Power - Low:100 V / X A Range:Yokogawa WT1600*0,0,2/20/2018 5:23:33 PM
DC Power - Low:100 V / X A Range:Yokogawa WT1600*0,0,2/20/2018 5:23:33 PM
DC Power - Low:100 V / X A Range:Yokogawa WT1600*0,0,2/20/2018 5:23:33 PM
DC Power - Low:100 V / X A Range:Yokogawa WT1600*0,0,2/20/2018 5:23:33 PM
DC Power - Low:100 V / X A Range:Yokogawa WT1600*0,0,2/20/2018 5:23:33 PM
DC Power - Low:100 V / X A Range:Yokogawa WT1600*0,0,2/20/2018 5:23:33 PM
DC Power - Low:100 V / X A Range:Yokogawa WT1600*0,0,2/20/2018 5:23:36 PM
DC Power - Low:100 V / X A Range:Yokogawa WT1600*0,0,2/20/2018 5:23:36 PM
DC Power - Low:100 V / X A Range:Yokogawa WT1600*0,0,2/20/2018 5:23:36 PM
DC Power - Low:100 V / X A Range:Yokogawa WT1600*0,0,2/20/2018 5:23:36 PM
DC Power - Low:100 V / X A Range:Yokogawa WT1600*0,0,2/20/2018 5:23:36 PM
DC Power - Low:100 V / X A Range:Yokogawa WT1600*0,0,2/20/2018 5:23:36 PM
DC Power - Low:100 V / X A Range:Yokogawa WT1600*0,0,2/20/2018 5:23:38 PM
DC Power - Low:100 V / X A Range:Yokogawa WT1600*0,0,2/20/2018 5:23:38 PM
DC Power - Low:100 V / X A Range:Yokogawa WT1600*0,0,2/20/2018 5:23:38 PM
DC Power - Low:100 V / X A Range:Yokogawa WT1600*0,0,2/20/2018 5:23:38 PM
DC Power - Low:100 V / X A Range:Yokogawa WT1600*0,0,2/20/2018 5:23:38 PM
DC Power - Low:100 V / X A Range:Yokogawa WT1600*0,0,2/20/2018 5:23:38 PM
DC Power - Low:100 V / X A Range:Yokogawa WT1600*0,0,2/20/2018 5:23:40 PM
DC Power - Low:100 V / X A Range:Yokogawa WT1600*0,0,2/20/2018 5:23:40 PM
DC Power - Low:100 V / X A Range:Yokogawa WT1600*0,0,2/20/2018 5:23:40 PM
DC Power - Low:100 V / X A Range:Yokogawa WT1600*0,0,2/20/2018 5:23:40 PM
DC Power - Low:100 V / X A Range:Yokogawa WT1600*0,0,2/20/2018 5:23:40 PM
DC Power - Low:100 V / X A Range:Yokogawa WT1600*0,0,2/20/2018 5:23:40 PM
DC Power - Low:100 V / X A Range:Yokogawa WT1600*0,0,2/20/2018 5:23:43 PM
DC Power - Low:100 V / X A Range:Yokogawa WT1600*0,0,2/20/2018 5:23:43 PM
DC Power - Low:100 V / X A Range:Yokogawa WT1600*0,0,2/20/2018 5:23:43 PM
DC Power - Low:100 V / X A Range:Yokogawa WT1600*0,0,2/20/2018 5:23:43 PM
DC Power - Low:100 V / X A Range:Yokogawa WT1600*0,0,2/20/2018 5:23:43 PM
DC Power - Low:100 V / X A Range:Yokogawa WT1600*0,0,2/20/2018 5:23:43 PM
DC Power - Low:150 V / 1 A Range:Yokogawa WT1600*0,0,2/20/2018 5:23:47 PM
DC Power - Low:150 V / 1 A Range:Yokogawa WT1600*0,0,2/20/2018 5:23:47 PM
DC Power - Low:150 V / 1 A Range:Yokogawa WT1600*0,0,2/20/2018 5:23:47 PM
DC Power - Low:150 V / 1 A Range:Yokogawa WT1600*0,0,2/20/2018 5:23:47 PM
DC Power - Low:150 V / 1 A Range:Yokogawa WT1600*0,0,2/20/2018 5:23:47 PM
DC Power - Low:150 V / 1 A Range:Yokogawa WT1600*0,0,2/20/2018 5:23:47 PM
DC Power - Low:300 V / 1 A Range:Yokogawa WT1600*0,0,2/20/2018 5:23:50 PM
DC Power - Low:300 V / 1 A Range:Yokogawa WT1600*0,0,2/20/2018 5:23:50 PM
DC Power - Low:300 V / 1 A Range:Yokogawa WT1600*0,0,2/20/2018 5:23:50 PM
DC Power - Low:300 V / 1 A Range:Yokogawa WT1600*0,0,2/20/2018 5:23:50 PM
DC Power - Low:300 V / 1 A Range:Yokogawa WT1600*0,0,2/20/2018 5:23:50 PM
DC Power - Low:300 V / 1 A Range:Yokogawa WT1600*0,0,2/20/2018 5:23:50 PM
DC Power - Low:1000 V / 1 A Range:Yokogawa WT1600*0,0,2/20/2018 5:23:54 PM
DC Power - Low:1000 V / 1 A Range:Yokogawa WT1600*0,0,2/20/2018 5:23:54 PM
DC Power - Low:1000 V / 1 A Range:Yokogawa WT1600*0,0,2/20/2018 5:23:54 PM
DC Power - Low:1000 V / 1 A Range:Yokogawa WT1600*0,0,2/20/2018 5:23:54 PM
DC Power - Low:1000 V / 1 A Range:Yokogawa WT1600*0,0,2/20/2018 5:23:54 PM
DC Power - Low:1000 V / 1 A Range:Yokogawa WT1600*0,0,2/20/2018 5:23:54 PM
,NaN,
,NaN,
,NaN,
,NaN,
,NaN,
,NaN,
,NaN,
,NaN,
,NaN,
,NaN,
,NaN,
,NaN,
,NaN,
,NaN,
,NaN,
,NaN,
,NaN,
,NaN,
,NaN,
,NaN,
,NaN,
,NaN,
,NaN,
,NaN,
AC Power - Low:1.5 V / 1 A Range:Yokogawa WT1600*0,0.0002,2/20/2018 5:24:04 PM
AC Power - Low:1.5 V / 1 A Range:Yokogawa WT1600*0,1.4986,2/20/2018 5:24:04 PM
AC Power - Low:1.5 V / 1 A Range:Yokogawa WT1600*0,1.498,2/20/2018 5:24:04 PM
AC Power - Low:1.5 V / 1 A Range:Yokogawa WT1600*0,-0.0002,2/20/2018 5:24:09 PM
AC Power - Low:1.5 V / 1 A Range:Yokogawa WT1600*0,1.4993,2/20/2018 5:24:09 PM
AC Power - Low:1.5 V / 1 A Range:Yokogawa WT1600*0,1.4981,2/20/2018 5:24:09 PM
AC Power - Low:1.5 V / 1 A Range:Yokogawa WT1600*0,-0.0432,2/20/2018 5:24:14 PM
AC Power - Low:1.5 V / 1 A Range:Yokogawa WT1600*0,1.5022,2/20/2018 5:24:14 PM
AC Power - Low:1.5 V / 1 A Range:Yokogawa WT1600*0,1.5004,2/20/2018 5:24:14 PM
AC Power - Low:1.5 V / 1 A Range:Yokogawa WT1600*0,-0.9591,2/20/2018 5:24:19 PM
AC Power - Low:1.5 V / 1 A Range:Yokogawa WT1600*0,1.5005,2/20/2018 5:24:19 PM
AC Power - Low:1.5 V / 1 A Range:Yokogawa WT1600*0,1.4995,2/20/2018 5:24:19 PM
AC Power - Low:3 V / 1 A Range:Yokogawa WT1600*0,0,2/20/2018 5:24:26 PM
AC Power - Low:3 V / 1 A Range:Yokogawa WT1600*0,2.998,2/20/2018 5:24:26 PM
AC Power - Low:3 V / 1 A Range:Yokogawa WT1600*0,2.995,2/20/2018 5:24:26 PM
AC Power - Low:3 V / 1 A Range:Yokogawa WT1600*0,-0.0008,2/20/2018 5:24:31 PM
AC Power - Low:3 V / 1 A Range:Yokogawa WT1600*0,2.9983,2/20/2018 5:24:31 PM
AC Power - Low:3 V / 1 A Range:Yokogawa WT1600*0,2.9962,2/20/2018 5:24:31 PM
AC Power - Low:3 V / 1 A Range:Yokogawa WT1600*0,-0.0895,2/20/2018 5:24:36 PM
AC Power - Low:3 V / 1 A Range:Yokogawa WT1600*0,3.0046,2/20/2018 5:24:36 PM
AC Power - Low:3 V / 1 A Range:Yokogawa WT1600*0,3.0005,2/20/2018 5:24:36 PM
AC Power - Low:3 V / 1 A Range:Yokogawa WT1600*0,-2.0152,2/20/2018 5:24:41 PM
AC Power - Low:3 V / 1 A Range:Yokogawa WT1600*0,3.0009,2/20/2018 5:24:41 PM
AC Power - Low:3 V / 1 A Range:Yokogawa WT1600*0,2.9989,2/20/2018 5:24:41 PM
AC Power - Low:6 V / 1 A Range:Yokogawa WT1600*0,-0.0005,2/20/2018 5:24:50 PM
AC Power - Low:6 V / 1 A Range:Yokogawa WT1600*0,5.9938,2/20/2018 5:24:50 PM
AC Power - Low:6 V / 1 A Range:Yokogawa WT1600*0,5.9908,2/20/2018 5:24:50 PM
AC Power - Low:6 V / 1 A Range:Yokogawa WT1600*0,-0.002,2/20/2018 5:24:55 PM
AC Power - Low:6 V / 1 A Range:Yokogawa WT1600*0,5.996,2/20/2018 5:24:55 PM
AC Power - Low:6 V / 1 A Range:Yokogawa WT1600*0,5.9906,2/20/2018 5:24:55 PM
AC Power - Low:6 V / 1 A Range:Yokogawa WT1600*0,-0.1829,2/20/2018 5:25:00 PM
AC Power - Low:6 V / 1 A Range:Yokogawa WT1600*0,6.0078,2/20/2018 5:25:00 PM
AC Power - Low:6 V / 1 A Range:Yokogawa WT1600*0,5.999,2/20/2018 5:25:00 PM
AC Power - Low:6 V / 1 A Range:Yokogawa WT1600*0,-4.1194,2/20/2018 5:25:05 PM
AC Power - Low:6 V / 1 A Range:Yokogawa WT1600*0,6.0005,2/20/2018 5:25:05 PM
AC Power - Low:6 V / 1 A Range:Yokogawa WT1600*0,5.9968,2/20/2018 5:25:05 PM
AC Power - Low:10 V / 1 A Range:Yokogawa WT1600*0,0,2/20/2018 5:25:12 PM
AC Power - Low:10 V / 1 A Range:Yokogawa WT1600*0,9.995,2/20/2018 5:25:12 PM
AC Power - Low:10 V / 1 A Range:Yokogawa WT1600*0,9.988,2/20/2018 5:25:12 PM
AC Power - Low:10 V / 1 A Range:Yokogawa WT1600*0,-0.003,2/20/2018 5:25:17 PM
AC Power - Low:10 V / 1 A Range:Yokogawa WT1600*0,9.994,2/20/2018 5:25:17 PM
AC Power - Low:10 V / 1 A Range:Yokogawa WT1600*0,9.988,2/20/2018 5:25:17 PM
AC Power - Low:10 V / 1 A Range:Yokogawa WT1600*0,-0.324,2/20/2018 5:25:22 PM
AC Power - Low:10 V / 1 A Range:Yokogawa WT1600*0,10.016,2/20/2018 5:25:22 PM
AC Power - Low:10 V / 1 A Range:Yokogawa WT1600*0,10,2/20/2018 5:25:22 PM
AC Power - Low:10 V / 1 A Range:Yokogawa WT1600*0,-6.976,2/20/2018 5:25:28 PM
AC Power - Low:10 V / 1 A Range:Yokogawa WT1600*0,10.003,2/20/2018 5:25:28 PM
AC Power - Low:10 V / 1 A Range:Yokogawa WT1600*0,9.996,2/20/2018 5:25:28 PM
AC Power - Low:15 V / 1 A Range:Yokogawa WT1600*0,-0.153,2/20/2018 5:25:36 PM
AC Power - Low:15 V / 1 A Range:Yokogawa WT1600*0,0.005,2/20/2018 5:25:36 PM
AC Power - Low:15 V / 1 A Range:Yokogawa WT1600*0,0.003,2/20/2018 5:25:36 PM
AC Power - Low:15 V / 1 A Range:Yokogawa WT1600*0,0,2/20/2018 5:25:42 PM
AC Power - Low:15 V / 1 A Range:Yokogawa WT1600*0,14.993,2/20/2018 5:25:42 PM
AC Power - Low:15 V / 1 A Range:Yokogawa WT1600*0,14.977,2/20/2018 5:25:42 PM
AC Power - Low:15 V / 1 A Range:Yokogawa WT1600*0,-0.004,2/20/2018 5:25:47 PM
AC Power - Low:15 V / 1 A Range:Yokogawa WT1600*0,14.993,2/20/2018 5:25:47 PM
AC Power - Low:15 V / 1 A Range:Yokogawa WT1600*0,14.982,2/20/2018 5:25:47 PM
AC Power - Low:15 V / 1 A Range:Yokogawa WT1600*0,-0.498,2/20/2018 5:25:52 PM
AC Power - Low:15 V / 1 A Range:Yokogawa WT1600*0,15.025,2/20/2018 5:25:52 PM
AC Power - Low:15 V / 1 A Range:Yokogawa WT1600*0,15.003,2/20/2018 5:25:52 PM
AC Power - Low:15 V / 1 A Range:Yokogawa WT1600*0,-10.535,2/20/2018 5:25:57 PM
AC Power - Low:15 V / 1 A Range:Yokogawa WT1600*0,15.005,2/20/2018 5:25:57 PM
AC Power - Low:15 V / 1 A Range:Yokogawa WT1600*0,14.996,2/20/2018 5:25:57 PM
AC Power - Low:30 V / 1 A Range:Yokogawa WT1600*0,-0.001,2/20/2018 5:26:04 PM
AC Power - Low:30 V / 1 A Range:Yokogawa WT1600*0,29.983,2/20/2018 5:26:04 PM
AC Power - Low:30 V / 1 A Range:Yokogawa WT1600*0,29.962,2/20/2018 5:26:04 PM
AC Power - Low:30 V / 1 A Range:Yokogawa WT1600*0,-0.008,2/20/2018 5:26:09 PM
AC Power - Low:30 V / 1 A Range:Yokogawa WT1600*0,29.983,2/20/2018 5:26:09 PM
AC Power - Low:30 V / 1 A Range:Yokogawa WT1600*0,29.957,2/20/2018 5:26:09 PM
AC Power - Low:30 V / 1 A Range:Yokogawa WT1600*0,-1,2/20/2018 5:26:14 PM
AC Power - Low:30 V / 1 A Range:Yokogawa WT1600*0,30.04,2/20/2018 5:26:14 PM
AC Power - Low:30 V / 1 A Range:Yokogawa WT1600*0,29.997,2/20/2018 5:26:14 PM
AC Power - Low:30 V / 1 A Range:Yokogawa WT1600*0,-21.363,2/20/2018 5:26:19 PM
AC Power - Low:30 V / 1 A Range:Yokogawa WT1600*0,30.008,2/20/2018 5:26:19 PM
AC Power - Low:30 V / 1 A Range:Yokogawa WT1600*0,29.988,2/20/2018 5:26:19 PM
AC Power - Low:60 V / 1 A Range:Yokogawa WT1600*0,-0.004,2/20/2018 5:26:26 PM
AC Power - Low:60 V / 1 A Range:Yokogawa WT1600*0,29.98,2/20/2018 5:26:26 PM
AC Power - Low:60 V / 1 A Range:Yokogawa WT1600*0,29.954,2/20/2018 5:26:26 PM
AC Power - Low:60 V / 1 A Range:Yokogawa WT1600*0,-0.014,2/20/2018 5:26:36 PM
AC Power - Low:60 V / 1 A Range:Yokogawa WT1600*0,59.968,2/20/2018 5:26:36 PM
AC Power - Low:60 V / 1 A Range:Yokogawa WT1600*0,59.911,2/20/2018 5:26:36 PM
AC Power - Low:60 V / 1 A Range:Yokogawa WT1600*0,-1.983,2/20/2018 5:26:42 PM
AC Power - Low:60 V / 1 A Range:Yokogawa WT1600*0,60.091,2/20/2018 5:26:42 PM
AC Power - Low:60 V / 1 A Range:Yokogawa WT1600*0,59.996,2/20/2018 5:26:42 PM
AC Power - Low:60 V / 1 A Range:Yokogawa WT1600*0,-43.149,2/20/2018 5:26:50 PM
AC Power - Low:60 V / 1 A Range:Yokogawa WT1600*0,60.023,2/20/2018 5:26:50 PM
AC Power - Low:60 V / 1 A Range:Yokogawa WT1600*0,59.986,2/20/2018 5:26:50 PM
AC Power - Low:100 V / X A Range:Yokogawa WT1600*0,0,2/20/2018 5:27:00 PM
AC Power - Low:100 V / X A Range:Yokogawa WT1600*0,29.98,2/20/2018 5:27:00 PM
AC Power - Low:100 V / X A Range:Yokogawa WT1600*0,29.96,2/20/2018 5:27:00 PM
AC Power - Low:100 V / X A Range:Yokogawa WT1600*0,-1.04,2/20/2018 5:27:11 PM
AC Power - Low:100 V / X A Range:Yokogawa WT1600*0,-0.02,2/20/2018 5:27:11 PM
AC Power - Low:100 V / X A Range:Yokogawa WT1600*0,0,2/20/2018 5:27:11 PM
AC Power - Low:100 V / X A Range:Yokogawa WT1600*0,0,2/20/2018 5:27:24 PM
AC Power - Low:100 V / X A Range:Yokogawa WT1600*0,1,2/20/2018 5:27:24 PM
AC Power - Low:100 V / X A Range:Yokogawa WT1600*0,1,2/20/2018 5:27:24 PM
AC Power - Low:100 V / X A Range:Yokogawa WT1600*0,0,2/20/2018 5:27:31 PM
AC Power - Low:100 V / X A Range:Yokogawa WT1600*0,1.99,2/20/2018 5:27:31 PM
AC Power - Low:100 V / X A Range:Yokogawa WT1600*0,2,2/20/2018 5:27:31 PM
AC Power - Low:100 V / X A Range:Yokogawa WT1600*0,0,2/20/2018 5:27:43 PM
AC Power - Low:100 V / X A Range:Yokogawa WT1600*0,5,2/20/2018 5:27:43 PM
AC Power - Low:100 V / X A Range:Yokogawa WT1600*0,5,2/20/2018 5:27:43 PM
AC Power - Low:100 V / X A Range:Yokogawa WT1600*0,0,2/20/2018 5:27:50 PM
AC Power - Low:100 V / X A Range:Yokogawa WT1600*0,10,2/20/2018 5:27:50 PM
AC Power - Low:100 V / X A Range:Yokogawa WT1600*0,9.99,2/20/2018 5:27:50 PM
AC Power - Low:100 V / X A Range:Yokogawa WT1600*0,0,2/20/2018 5:27:58 PM
AC Power - Low:100 V / X A Range:Yokogawa WT1600*0,19.99,2/20/2018 5:27:58 PM
AC Power - Low:100 V / X A Range:Yokogawa WT1600*0,19.97,2/20/2018 5:27:58 PM
AC Power - Low:100 V / X A Range:Yokogawa WT1600*0,-0.01,2/20/2018 5:28:11 PM
AC Power - Low:100 V / X A Range:Yokogawa WT1600*0,49.97,2/20/2018 5:28:11 PM
AC Power - Low:100 V / X A Range:Yokogawa WT1600*0,49.95,2/20/2018 5:28:11 PM
AC Power - Low:100 V / X A Range:Yokogawa WT1600*0,-0.02,2/20/2018 5:28:18 PM
AC Power - Low:100 V / X A Range:Yokogawa WT1600*0,99.96,2/20/2018 5:28:18 PM
AC Power - Low:100 V / X A Range:Yokogawa WT1600*0,99.89,2/20/2018 5:28:18 PM
AC Power - Low:100 V / X A Range:Yokogawa WT1600*0,-0.04,2/20/2018 5:28:26 PM
AC Power - Low:100 V / X A Range:Yokogawa WT1600*0,199.93,2/20/2018 5:28:26 PM
AC Power - Low:100 V / X A Range:Yokogawa WT1600*0,199.76,2/20/2018 5:28:26 PM
AC Power - Low:100 V / X A Range:Yokogawa WT1600*0,-3.29,2/20/2018 5:28:34 PM
AC Power - Low:100 V / X A Range:Yokogawa WT1600*0,100.17,2/20/2018 5:28:34 PM
AC Power - Low:100 V / X A Range:Yokogawa WT1600*0,100.01,2/20/2018 5:28:34 PM
AC Power - Low:100 V / X A Range:Yokogawa WT1600*0,-72.27,2/20/2018 5:28:43 PM
AC Power - Low:100 V / X A Range:Yokogawa WT1600*0,100.04,2/20/2018 5:28:43 PM
AC Power - Low:100 V / X A Range:Yokogawa WT1600*0,99.96,2/20/2018 5:28:43 PM
AC Power - Low:150 V / 1 A Range:Yokogawa WT1600*0,29.97,2/20/2018 5:28:53 PM
AC Power - Low:150 V / 1 A Range:Yokogawa WT1600*0,30.01,2/20/2018 5:28:53 PM
AC Power - Low:150 V / 1 A Range:Yokogawa WT1600*0,29.97,2/20/2018 5:28:53 PM
AC Power - Low:150 V / 1 A Range:Yokogawa WT1600*0,149.85,2/20/2018 5:29:04 PM
AC Power - Low:150 V / 1 A Range:Yokogawa WT1600*0,150.01,2/20/2018 5:29:04 PM
AC Power - Low:150 V / 1 A Range:Yokogawa WT1600*0,149.88,2/20/2018 5:29:04 PM
AC Power - Low:150 V / 1 A Range:Yokogawa WT1600*0,150.17,2/20/2018 5:29:09 PM
AC Power - Low:150 V / 1 A Range:Yokogawa WT1600*0,150.28,2/20/2018 5:29:09 PM
AC Power - Low:150 V / 1 A Range:Yokogawa WT1600*0,150.08,2/20/2018 5:29:09 PM
AC Power - Low:150 V / 1 A Range:Yokogawa WT1600*0,150.12,2/20/2018 5:29:18 PM
AC Power - Low:150 V / 1 A Range:Yokogawa WT1600*0,150.11,2/20/2018 5:29:18 PM
AC Power - Low:150 V / 1 A Range:Yokogawa WT1600*0,150.02,2/20/2018 5:29:18 PM
AC Power - Low:300 V / 1 A Range:Yokogawa WT1600*0,-0.02,2/20/2018 5:29:28 PM
AC Power - Low:300 V / 1 A Range:Yokogawa WT1600*0,30,2/20/2018 5:29:28 PM
AC Power - Low:300 V / 1 A Range:Yokogawa WT1600*0,29.99,2/20/2018 5:29:28 PM
AC Power - Low:300 V / 1 A Range:Yokogawa WT1600*0,-0.06,2/20/2018 5:29:38 PM
AC Power - Low:300 V / 1 A Range:Yokogawa WT1600*0,299.98,2/20/2018 5:29:38 PM
AC Power - Low:300 V / 1 A Range:Yokogawa WT1600*0,299.71,2/20/2018 5:29:38 PM
AC Power - Low:300 V / 1 A Range:Yokogawa WT1600*0,-9.79,2/20/2018 5:29:44 PM
AC Power - Low:300 V / 1 A Range:Yokogawa WT1600*0,300.6,2/20/2018 5:29:44 PM
AC Power - Low:300 V / 1 A Range:Yokogawa WT1600*0,300.15,2/20/2018 5:29:44 PM
AC Power - Low:300 V / 1 A Range:Yokogawa WT1600*0,-218.71,2/20/2018 5:29:52 PM
AC Power - Low:300 V / 1 A Range:Yokogawa WT1600*0,300.13,2/20/2018 5:29:52 PM
AC Power - Low:300 V / 1 A Range:Yokogawa WT1600*0,299.95,2/20/2018 5:29:52 PM
AC Power - Low:1000 V / 1 A Range:Yokogawa WT1600*0,30,2/20/2018 5:30:02 PM
AC Power - Low:1000 V / 1 A Range:Yokogawa WT1600*0,30,2/20/2018 5:30:02 PM
AC Power - Low:1000 V / 1 A Range:Yokogawa WT1600*0,30,2/20/2018 5:30:02 PM
AC Power - Low:1000 V / 1 A Range:Yokogawa WT1600*0,999.3,2/20/2018 5:30:13 PM
AC Power - Low:1000 V / 1 A Range:Yokogawa WT1600*0,1000.2,2/20/2018 5:30:13 PM
AC Power - Low:1000 V / 1 A Range:Yokogawa WT1600*0,999.2,2/20/2018 5:30:13 PM
AC Power - Low:1000 V / 1 A Range:Yokogawa WT1600*0,1001.4,2/20/2018 5:30:18 PM
AC Power - Low:1000 V / 1 A Range:Yokogawa WT1600*0,1002.4,2/20/2018 5:30:18 PM
AC Power - Low:1000 V / 1 A Range:Yokogawa WT1600*0,1000.7,2/20/2018 5:30:18 PM
AC Power - Low:1000 V / 1 A Range:Yokogawa WT1600*0,300.2,2/20/2018 5:30:29 PM
AC Power - Low:1000 V / 1 A Range:Yokogawa WT1600*0,300.1,2/20/2018 5:30:29 PM
AC Power - Low:1000 V / 1 A Range:Yokogawa WT1600*0,299.9,2/20/2018 5:30:29 PM
,NaN,
,NaN,
,NaN,
,NaN,
,NaN,
,NaN,
,NaN,
,NaN,
,NaN,
,NaN,
,NaN,
,NaN,
,NaN,
,NaN,
,NaN,
,NaN,
,NaN,
,NaN,
,NaN,
,NaN,
,NaN,
,NaN,
,NaN,
,NaN,
,NaN,
,NaN,
,NaN,
,NaN,
,NaN,
,NaN,
,NaN,
,NaN,
,NaN,
,NaN,
,NaN,
,NaN,
,NaN,
,NaN,
,NaN,
,NaN,
,NaN,
,NaN,
,NaN,
,NaN,
,NaN,
,NaN,
,NaN,
,NaN,
,NaN,
,NaN,
,NaN,
,NaN,
,NaN,
DC Current - High:5 A Range:Yokogawa WT1600*0,4.9955,2/20/2018 5:31:23 PM
DC Current - High:5 A Range:Yokogawa WT1600*0,4.9993,2/20/2018 5:31:23 PM
DC Current - High:5 A Range:Yokogawa WT1600*0,4.9961,2/20/2018 5:31:23 PM
DC Current - High:5 A Range:Yokogawa WT1600*0,-4.9966,2/20/2018 5:31:25 PM
DC Current - High:5 A Range:Yokogawa WT1600*0,-4.9989,2/20/2018 5:31:25 PM
DC Current - High:5 A Range:Yokogawa WT1600*0,-4.9976,2/20/2018 5:31:25 PM
,NaN,
,NaN,
,NaN,
,NaN,
,NaN,
,NaN,
,NaN,
,NaN,
AC Current - High:5 A Range:Yokogawa WT1600*0,-0.0006,2/20/2018 5:31:32 PM
AC Current - High:5 A Range:Yokogawa WT1600*0,-0.0002,2/20/2018 5:31:32 PM
AC Current - High:5 A Range:Yokogawa WT1600*0,-0.0011,2/20/2018 5:31:32 PM
AC Current - High:5 A Range:Yokogawa WT1600*0,0,2/20/2018 5:31:36 PM
AC Current - High:5 A Range:Yokogawa WT1600*0,0.0006,2/20/2018 5:31:36 PM
AC Current - High:5 A Range:Yokogawa WT1600*0,-0.0004,2/20/2018 5:31:36 PM
AC Current - High:5 A Range:Yokogawa WT1600*0,-0.0009,2/20/2018 5:31:40 PM
AC Current - High:5 A Range:Yokogawa WT1600*0,-0.0008,2/20/2018 5:31:40 PM
AC Current - High:5 A Range:Yokogawa WT1600*0,-0.0014,2/20/2018 5:31:40 PM
,NaN,
,NaN,
,NaN,
,NaN,
,NaN,
,NaN,
,NaN,
,NaN,
,NaN,
DC Power - High:100 V / 5 A Range:Yokogawa WT1600*0,497.63,2/20/2018 5:31:53 PM
DC Power - High:100 V / 5 A Range:Yokogawa WT1600*0,498.05,2/20/2018 5:31:53 PM
DC Power - High:100 V / 5 A Range:Yokogawa WT1600*0,497.6,2/20/2018 5:31:53 PM
DC Power - High:100 V / 5 A Range:Yokogawa WT1600*0,0,2/20/2018 5:31:56 PM
DC Power - High:100 V / 5 A Range:Yokogawa WT1600*0,0,2/20/2018 5:31:56 PM
DC Power - High:100 V / 5 A Range:Yokogawa WT1600*0,0,2/20/2018 5:31:56 PM
,NaN,
,NaN,
,NaN,
,NaN,
,NaN,
,NaN,
,NaN,
,NaN,
,NaN,
,NaN,
AC Power - High:100 V / 5 A Range:Yokogawa WT1600*0,499.34,2/20/2018 5:32:08 PM
AC Power - High:100 V / 5 A Range:Yokogawa WT1600*0,499.78,2/20/2018 5:32:08 PM
AC Power - High:100 V / 5 A Range:Yokogawa WT1600*0,499.38,2/20/2018 5:32:08 PM
,NaN,
,NaN,
,NaN,
,NaN,
,NaN,
DC Power - External:1.5 V / 1 V Range:Yokogawa WT1600*0,-0.02,2/20/2018 5:57:18 PM
DC Power - External:1.5 V / 1 V Range:Yokogawa WT1600*0,0,2/20/2018 5:57:18 PM
DC Power - External:1.5 V / 1 V Range:Yokogawa WT1600*0,149.89,2/20/2018 5:57:18 PM
DC Power - External:1.5 V / 1 V Range:Yokogawa WT1600*0,-0.03,2/20/2018 5:57:21 PM
DC Power - External:1.5 V / 1 V Range:Yokogawa WT1600*0,0,2/20/2018 5:57:21 PM
DC Power - External:1.5 V / 1 V Range:Yokogawa WT1600*0,-149.93,2/20/2018 5:57:21 PM
DC Power - External:3 V / 1 V Range:Yokogawa WT1600*0,-0.12,2/20/2018 5:57:29 PM
DC Power - External:3 V / 1 V Range:Yokogawa WT1600*0,0,2/20/2018 5:57:29 PM
DC Power - External:3 V / 1 V Range:Yokogawa WT1600*0,299.77,2/20/2018 5:57:29 PM
DC Power - External:3 V / 1 V Range:Yokogawa WT1600*0,-0.12,2/20/2018 5:57:33 PM
DC Power - External:3 V / 1 V Range:Yokogawa WT1600*0,-0.01,2/20/2018 5:57:33 PM
DC Power - External:3 V / 1 V Range:Yokogawa WT1600*0,-299.78,2/20/2018 5:57:33 PM
DC Power - External:6 V / 1 V Range:Yokogawa WT1600*0,-0.19,2/20/2018 5:57:42 PM
DC Power - External:6 V / 1 V Range:Yokogawa WT1600*0,0.03,2/20/2018 5:57:42 PM
DC Power - External:6 V / 1 V Range:Yokogawa WT1600*0,599.48,2/20/2018 5:57:42 PM
DC Power - External:6 V / 1 V Range:Yokogawa WT1600*0,-0.16,2/20/2018 5:57:45 PM
DC Power - External:6 V / 1 V Range:Yokogawa WT1600*0,-0.01,2/20/2018 5:57:45 PM
DC Power - External:6 V / 1 V Range:Yokogawa WT1600*0,-599.68,2/20/2018 5:57:45 PM
DC Power - External:10 V / 1 V Range:Yokogawa WT1600*0,-0.1,2/20/2018 5:57:53 PM
DC Power - External:10 V / 1 V Range:Yokogawa WT1600*0,0,2/20/2018 5:57:53 PM
DC Power - External:10 V / 1 V Range:Yokogawa WT1600*0,999.5,2/20/2018 5:57:53 PM
DC Power - External:10 V / 1 V Range:Yokogawa WT1600*0,-0.1,2/20/2018 5:57:57 PM
DC Power - External:10 V / 1 V Range:Yokogawa WT1600*0,0,2/20/2018 5:57:57 PM
DC Power - External:10 V / 1 V Range:Yokogawa WT1600*0,-999.3,2/20/2018 5:57:57 PM
DC Power - External:15 V / 1 V Range:Yokogawa WT1600*0,-0.2,2/20/2018 5:58:05 PM
DC Power - External:15 V / 1 V Range:Yokogawa WT1600*0,0.4,2/20/2018 5:58:05 PM
DC Power - External:15 V / 1 V Range:Yokogawa WT1600*0,1499.1,2/20/2018 5:58:05 PM
DC Power - External:15 V / 1 V Range:Yokogawa WT1600*0,-0.1,2/20/2018 5:58:09 PM
DC Power - External:15 V / 1 V Range:Yokogawa WT1600*0,-0.3,2/20/2018 5:58:09 PM
DC Power - External:15 V / 1 V Range:Yokogawa WT1600*0,-1499.3,2/20/2018 5:58:09 PM
DC Power - External:30 V / 1 V Range:Yokogawa WT1600*0,-0.5,2/20/2018 5:58:17 PM
DC Power - External:30 V / 1 V Range:Yokogawa WT1600*0,-0.2,2/20/2018 5:58:17 PM
DC Power - External:30 V / 1 V Range:Yokogawa WT1600*0,2997.9,2/20/2018 5:58:17 PM
DC Power - External:30 V / 1 V Range:Yokogawa WT1600*0,-0.3,2/20/2018 5:58:21 PM
DC Power - External:30 V / 1 V Range:Yokogawa WT1600*0,-0.2,2/20/2018 5:58:21 PM
DC Power - External:30 V / 1 V Range:Yokogawa WT1600*0,-2998.8,2/20/2018 5:58:21 PM
DC Power - External:60 V / 1 V Range:Yokogawa WT1600*0,-1,2/20/2018 5:58:30 PM
DC Power - External:60 V / 1 V Range:Yokogawa WT1600*0,0,2/20/2018 5:58:30 PM
DC Power - External:60 V / 1 V Range:Yokogawa WT1600*0,5995.1,2/20/2018 5:58:30 PM
DC Power - External:60 V / 1 V Range:Yokogawa WT1600*0,-1.1,2/20/2018 5:58:32 PM
DC Power - External:60 V / 1 V Range:Yokogawa WT1600*0,-0.1,2/20/2018 5:58:32 PM
DC Power - External:60 V / 1 V Range:Yokogawa WT1600*0,-5996.4,2/20/2018 5:58:32 PM
DC Power - External:100 V / X V Range:Yokogawa WT1600*0,0,2/20/2018 5:58:39 PM
DC Power - External:100 V / X V Range:Yokogawa WT1600*0,0,2/20/2018 5:58:39 PM
DC Power - External:100 V / X V Range:Yokogawa WT1600*0,501,2/20/2018 5:58:39 PM
DC Power - External:100 V / X V Range:Yokogawa WT1600*0,0,2/20/2018 5:58:42 PM
DC Power - External:100 V / X V Range:Yokogawa WT1600*0,0,2/20/2018 5:58:42 PM
DC Power - External:100 V / X V Range:Yokogawa WT1600*0,-500,2/20/2018 5:58:42 PM
DC Power - External:100 V / X V Range:Yokogawa WT1600*0,0,2/20/2018 5:58:48 PM
DC Power - External:100 V / X V Range:Yokogawa WT1600*0,0,2/20/2018 5:58:48 PM
DC Power - External:100 V / X V Range:Yokogawa WT1600*0,1000,2/20/2018 5:58:48 PM
DC Power - External:100 V / X V Range:Yokogawa WT1600*0,0,2/20/2018 5:58:50 PM
DC Power - External:100 V / X V Range:Yokogawa WT1600*0,0,2/20/2018 5:58:50 PM
DC Power - External:100 V / X V Range:Yokogawa WT1600*0,-1000,2/20/2018 5:58:50 PM
DC Power - External:100 V / X V Range:Yokogawa WT1600*0,1,2/20/2018 5:58:56 PM
DC Power - External:100 V / X V Range:Yokogawa WT1600*0,0,2/20/2018 5:58:56 PM
DC Power - External:100 V / X V Range:Yokogawa WT1600*0,2499,2/20/2018 5:58:56 PM
DC Power - External:100 V / X V Range:Yokogawa WT1600*0,0,2/20/2018 5:58:58 PM
DC Power - External:100 V / X V Range:Yokogawa WT1600*0,0,2/20/2018 5:58:58 PM
DC Power - External:100 V / X V Range:Yokogawa WT1600*0,-2499,2/20/2018 5:58:58 PM
DC Power - External:100 V / X V Range:Yokogawa WT1600*0,1,2/20/2018 5:59:05 PM
DC Power - External:100 V / X V Range:Yokogawa WT1600*0,0,2/20/2018 5:59:05 PM
DC Power - External:100 V / X V Range:Yokogawa WT1600*0,4998,2/20/2018 5:59:05 PM
DC Power - External:100 V / X V Range:Yokogawa WT1600*0,1,2/20/2018 5:59:07 PM
DC Power - External:100 V / X V Range:Yokogawa WT1600*0,1,2/20/2018 5:59:07 PM
DC Power - External:100 V / X V Range:Yokogawa WT1600*0,-4998,2/20/2018 5:59:07 PM
DC Power - External:100 V / X V Range:Yokogawa WT1600*0,2,2/20/2018 5:59:13 PM
DC Power - External:100 V / X V Range:Yokogawa WT1600*0,0,2/20/2018 5:59:13 PM
DC Power - External:100 V / X V Range:Yokogawa WT1600*0,9993,2/20/2018 5:59:13 PM
DC Power - External:100 V / X V Range:Yokogawa WT1600*0,2,2/20/2018 5:59:15 PM
DC Power - External:100 V / X V Range:Yokogawa WT1600*0,1,2/20/2018 5:59:15 PM
DC Power - External:100 V / X V Range:Yokogawa WT1600*0,-9994,2/20/2018 5:59:15 PM
DC Power - External:100 V / X V Range:Yokogawa WT1600*0,5,2/20/2018 5:59:22 PM
DC Power - External:100 V / X V Range:Yokogawa WT1600*0,3,2/20/2018 5:59:22 PM
DC Power - External:100 V / X V Range:Yokogawa WT1600*0,24983,2/20/2018 5:59:22 PM
DC Power - External:100 V / X V Range:Yokogawa WT1600*0,5,2/20/2018 5:59:24 PM
DC Power - External:100 V / X V Range:Yokogawa WT1600*0,-2,2/20/2018 5:59:24 PM
DC Power - External:100 V / X V Range:Yokogawa WT1600*0,-24984,2/20/2018 5:59:24 PM
DC Power - External:100 V / X V Range:Yokogawa WT1600*0,10,2/20/2018 5:59:32 PM
DC Power - External:100 V / X V Range:Yokogawa WT1600*0,2,2/20/2018 5:59:32 PM
DC Power - External:100 V / X V Range:Yokogawa WT1600*0,49960,2/20/2018 5:59:32 PM
DC Power - External:100 V / X V Range:Yokogawa WT1600*0,9,2/20/2018 5:59:34 PM
DC Power - External:100 V / X V Range:Yokogawa WT1600*0,-1,2/20/2018 5:59:34 PM
DC Power - External:100 V / X V Range:Yokogawa WT1600*0,-49964,2/20/2018 5:59:34 PM
DC Power - External:100 V / X V Range:Yokogawa WT1600*0,0,2/20/2018 5:59:40 PM
DC Power - External:100 V / X V Range:Yokogawa WT1600*0,0,2/20/2018 5:59:40 PM
DC Power - External:100 V / X V Range:Yokogawa WT1600*0,0,2/20/2018 5:59:40 PM
DC Power - External:100 V / X V Range:Yokogawa WT1600*0,0,2/20/2018 5:59:40 PM
DC Power - External:100 V / X V Range:Yokogawa WT1600*0,0,2/20/2018 5:59:40 PM
DC Power - External:100 V / X V Range:Yokogawa WT1600*0,0,2/20/2018 5:59:40 PM
DC Power - External:150 V / 1 V Range:Yokogawa WT1600*0,0,2/20/2018 5:59:45 PM
DC Power - External:150 V / 1 V Range:Yokogawa WT1600*0,0,2/20/2018 5:59:45 PM
DC Power - External:150 V / 1 V Range:Yokogawa WT1600*0,0,2/20/2018 5:59:45 PM
DC Power - External:150 V / 1 V Range:Yokogawa WT1600*0,0,2/20/2018 5:59:46 PM
DC Power - External:150 V / 1 V Range:Yokogawa WT1600*0,0,2/20/2018 5:59:46 PM
DC Power - External:150 V / 1 V Range:Yokogawa WT1600*0,0,2/20/2018 5:59:46 PM
DC Power - External:300 V / 1 V Range:Yokogawa WT1600*0,0,2/20/2018 5:59:51 PM
DC Power - External:300 V / 1 V Range:Yokogawa WT1600*0,0,2/20/2018 5:59:51 PM
DC Power - External:300 V / 1 V Range:Yokogawa WT1600*0,0,2/20/2018 5:59:51 PM
DC Power - External:300 V / 1 V Range:Yokogawa WT1600*0,0,2/20/2018 5:59:51 PM
DC Power - External:300 V / 1 V Range:Yokogawa WT1600*0,0,2/20/2018 5:59:51 PM
DC Power - External:300 V / 1 V Range:Yokogawa WT1600*0,0,2/20/2018 5:59:51 PM
DC Power - External:1000 V / 1 V Range:Yokogawa WT1600*0,0,2/20/2018 5:59:56 PM
DC Power - External:1000 V / 1 V Range:Yokogawa WT1600*0,0,2/20/2018 5:59:56 PM
DC Power - External:1000 V / 1 V Range:Yokogawa WT1600*0,0,2/20/2018 5:59:56 PM
DC Power - External:1000 V / 1 V Range:Yokogawa WT1600*0,0,2/20/2018 5:59:57 PM
DC Power - External:1000 V / 1 V Range:Yokogawa WT1600*0,0,2/20/2018 5:59:57 PM
DC Power - External:1000 V / 1 V Range:Yokogawa WT1600*0,0,2/20/2018 5:59:57 PM
AC Power - External:30 V / 0.05 V Range:Yokogawa WT1600*0,149.7,2/20/2018 6:00:09 PM
AC Power - External:30 V / 0.05 V Range:Yokogawa WT1600*0,0.3,2/20/2018 6:00:09 PM
AC Power - External:30 V / 0.05 V Range:Yokogawa WT1600*0,150.2,2/20/2018 6:00:09 PM
AC Power - External:30 V / 0.05 V Range:Yokogawa WT1600*0,149.8,2/20/2018 6:00:14 PM
AC Power - External:30 V / 0.05 V Range:Yokogawa WT1600*0,0.9,2/20/2018 6:00:14 PM
AC Power - External:30 V / 0.05 V Range:Yokogawa WT1600*0,150.1,2/20/2018 6:00:14 PM
AC Power - External:30 V / 0.05 V Range:Yokogawa WT1600*0,149.7,2/20/2018 6:00:19 PM
AC Power - External:30 V / 0.05 V Range:Yokogawa WT1600*0,-39.4,2/20/2018 6:00:19 PM
AC Power - External:30 V / 0.05 V Range:Yokogawa WT1600*0,150.1,2/20/2018 6:00:19 PM
AC Power - External:30 V / 0.1 V Range:Yokogawa WT1600*0,299.7,2/20/2018 6:00:28 PM
AC Power - External:30 V / 0.1 V Range:Yokogawa WT1600*0,0.5,2/20/2018 6:00:28 PM
AC Power - External:30 V / 0.1 V Range:Yokogawa WT1600*0,300.1,2/20/2018 6:00:28 PM
AC Power - External:30 V / 0.1 V Range:Yokogawa WT1600*0,299.6,2/20/2018 6:00:35 PM
AC Power - External:30 V / 0.1 V Range:Yokogawa WT1600*0,1,2/20/2018 6:00:35 PM
AC Power - External:30 V / 0.1 V Range:Yokogawa WT1600*0,300,2/20/2018 6:00:35 PM
AC Power - External:30 V / 0.1 V Range:Yokogawa WT1600*0,299.7,2/20/2018 6:00:42 PM
AC Power - External:30 V / 0.1 V Range:Yokogawa WT1600*0,-38.6,2/20/2018 6:00:42 PM
AC Power - External:30 V / 0.1 V Range:Yokogawa WT1600*0,300.1,2/20/2018 6:00:42 PM
AC Power - External:30 V / 0.25 V Range:Yokogawa WT1600*0,749.3,2/20/2018 6:00:50 PM
AC Power - External:30 V / 0.25 V Range:Yokogawa WT1600*0,0.4,2/20/2018 6:00:50 PM
AC Power - External:30 V / 0.25 V Range:Yokogawa WT1600*0,749.9,2/20/2018 6:00:50 PM
AC Power - External:30 V / 0.25 V Range:Yokogawa WT1600*0,749.6,2/20/2018 6:00:57 PM
AC Power - External:30 V / 0.25 V Range:Yokogawa WT1600*0,1.1,2/20/2018 6:00:57 PM
AC Power - External:30 V / 0.25 V Range:Yokogawa WT1600*0,749.8,2/20/2018 6:00:57 PM
AC Power - External:30 V / 0.25 V Range:Yokogawa WT1600*0,749.5,2/20/2018 6:01:04 PM
AC Power - External:30 V / 0.25 V Range:Yokogawa WT1600*0,-35.9,2/20/2018 6:01:04 PM
AC Power - External:30 V / 0.25 V Range:Yokogawa WT1600*0,749.7,2/20/2018 6:01:04 PM
AC Power - External:30 V / 0.5 V Range:Yokogawa WT1600*0,1499,2/20/2018 6:01:14 PM
AC Power - External:30 V / 0.5 V Range:Yokogawa WT1600*0,0.3,2/20/2018 6:01:14 PM
AC Power - External:30 V / 0.5 V Range:Yokogawa WT1600*0,1498.9,2/20/2018 6:01:14 PM
AC Power - External:30 V / 0.5 V Range:Yokogawa WT1600*0,1499,2/20/2018 6:01:21 PM
AC Power - External:30 V / 0.5 V Range:Yokogawa WT1600*0,0.7,2/20/2018 6:01:21 PM
AC Power - External:30 V / 0.5 V Range:Yokogawa WT1600*0,1499.4,2/20/2018 6:01:21 PM
AC Power - External:30 V / 0.5 V Range:Yokogawa WT1600*0,1499.3,2/20/2018 6:01:28 PM
AC Power - External:30 V / 0.5 V Range:Yokogawa WT1600*0,-30.4,2/20/2018 6:01:28 PM
AC Power - External:30 V / 0.5 V Range:Yokogawa WT1600*0,1499.4,2/20/2018 6:01:28 PM
AC Power - External:30 V / 1 V Range:Yokogawa WT1600*0,-0.3,2/20/2018 6:01:37 PM
AC Power - External:30 V / 1 V Range:Yokogawa WT1600*0,-3.8,2/20/2018 6:01:37 PM
AC Power - External:30 V / 1 V Range:Yokogawa WT1600*0,-0.4,2/20/2018 6:01:37 PM
AC Power - External:30 V / 1 V Range:Yokogawa WT1600*0,2998.2,2/20/2018 6:01:44 PM
AC Power - External:30 V / 1 V Range:Yokogawa WT1600*0,0.4,2/20/2018 6:01:44 PM
AC Power - External:30 V / 1 V Range:Yokogawa WT1600*0,2998.1,2/20/2018 6:01:44 PM
AC Power - External:30 V / 1 V Range:Yokogawa WT1600*0,2998.4,2/20/2018 6:01:51 PM
AC Power - External:30 V / 1 V Range:Yokogawa WT1600*0,1,2/20/2018 6:01:51 PM
AC Power - External:30 V / 1 V Range:Yokogawa WT1600*0,2998.3,2/20/2018 6:01:51 PM
AC Power - External:30 V / 1 V Range:Yokogawa WT1600*0,2998.2,2/20/2018 6:01:58 PM
AC Power - External:30 V / 1 V Range:Yokogawa WT1600*0,-20.4,2/20/2018 6:01:58 PM
AC Power - External:30 V / 1 V Range:Yokogawa WT1600*0,2998,2/20/2018 6:01:58 PM
AC Power - External:30 V / 1 V Range:Yokogawa WT1600*0,2997.9,2/20/2018 6:02:05 PM
AC Power - External:30 V / 1 V Range:Yokogawa WT1600*0,-141.5,2/20/2018 6:02:05 PM
AC Power - External:30 V / 1 V Range:Yokogawa WT1600*0,2998.7,2/20/2018 6:02:05 PM
AC Power - External:30 V / 2.5 V Range:Yokogawa WT1600*0,7497,2/20/2018 6:02:16 PM
AC Power - External:30 V / 2.5 V Range:Yokogawa WT1600*0,0,2/20/2018 6:02:16 PM
AC Power - External:30 V / 2.5 V Range:Yokogawa WT1600*0,7496,2/20/2018 6:02:16 PM
AC Power - External:30 V / 2.5 V Range:Yokogawa WT1600*0,7496,2/20/2018 6:02:25 PM
AC Power - External:30 V / 2.5 V Range:Yokogawa WT1600*0,1,2/20/2018 6:02:25 PM
AC Power - External:30 V / 2.5 V Range:Yokogawa WT1600*0,7496,2/20/2018 6:02:25 PM
AC Power - External:30 V / 2.5 V Range:Yokogawa WT1600*0,7497,2/20/2018 6:02:34 PM
AC Power - External:30 V / 2.5 V Range:Yokogawa WT1600*0,10,2/20/2018 6:02:34 PM
AC Power - External:30 V / 2.5 V Range:Yokogawa WT1600*0,7497,2/20/2018 6:02:34 PM
AC Power - External:30 V / 2.5 V Range:Yokogawa WT1600*0,7497,2/20/2018 6:02:43 PM
AC Power - External:30 V / 2.5 V Range:Yokogawa WT1600*0,1343,2/20/2018 6:02:43 PM
AC Power - External:30 V / 2.5 V Range:Yokogawa WT1600*0,7497,2/20/2018 6:02:43 PM
AC Power - External:30 V / 5 V Range:Yokogawa WT1600*0,14989,2/20/2018 6:02:54 PM
AC Power - External:30 V / 5 V Range:Yokogawa WT1600*0,-1,2/20/2018 6:02:54 PM
AC Power - External:30 V / 5 V Range:Yokogawa WT1600*0,14990,2/20/2018 6:02:54 PM
AC Power - External:30 V / 5 V Range:Yokogawa WT1600*0,14991,2/20/2018 6:03:03 PM
AC Power - External:30 V / 5 V Range:Yokogawa WT1600*0,2,2/20/2018 6:03:03 PM
AC Power - External:30 V / 5 V Range:Yokogawa WT1600*0,14990,2/20/2018 6:03:03 PM
AC Power - External:30 V / 5 V Range:Yokogawa WT1600*0,14993,2/20/2018 6:03:12 PM
AC Power - External:30 V / 5 V Range:Yokogawa WT1600*0,57,2/20/2018 6:03:12 PM
AC Power - External:30 V / 5 V Range:Yokogawa WT1600*0,14992,2/20/2018 6:03:12 PM
AC Power - External:30 V / 5 V Range:Yokogawa WT1600*0,14980,2/20/2018 6:03:21 PM
AC Power - External:30 V / 5 V Range:Yokogawa WT1600*0,3698,2/20/2018 6:03:21 PM
AC Power - External:30 V / 5 V Range:Yokogawa WT1600*0,14981,2/20/2018 6:03:21 PM
AC Power - External:30 V / 10 V Range:Yokogawa WT1600*0,14982,2/20/2018 6:03:25 PM
AC Power - External:30 V / 10 V Range:Yokogawa WT1600*0,3699,2/20/2018 6:03:25 PM
AC Power - External:30 V / 10 V Range:Yokogawa WT1600*0,14984,2/20/2018 6:03:25 PM
AC Power - External:30 V / 10 V Range:Yokogawa WT1600*0,14982,2/20/2018 6:03:26 PM
AC Power - External:30 V / 10 V Range:Yokogawa WT1600*0,3700,2/20/2018 6:03:26 PM
AC Power - External:30 V / 10 V Range:Yokogawa WT1600*0,14990,2/20/2018 6:03:26 PM
AC Power - External:30 V / 10 V Range:Yokogawa WT1600*0,14981,2/20/2018 6:03:26 PM
AC Power - External:30 V / 10 V Range:Yokogawa WT1600*0,3699,2/20/2018 6:03:26 PM
AC Power - External:30 V / 10 V Range:Yokogawa WT1600*0,14981,2/20/2018 6:03:26 PM
AC Power - External:30 V / 10 V Range:Yokogawa WT1600*0,14983,2/20/2018 6:03:27 PM
AC Power - External:30 V / 10 V Range:Yokogawa WT1600*0,3699,2/20/2018 6:03:27 PM
AC Power - External:30 V / 10 V Range:Yokogawa WT1600*0,14985,2/20/2018 6:03:27 PM
DC Current - External:0.05 V Range:Yokogawa WT1600*0,-0.0009,2/20/2018 6:12:21 PM
DC Current - External:0.05 V Range:Yokogawa WT1600*0,0.0004,2/20/2018 6:12:21 PM
DC Current - External:0.05 V Range:Yokogawa WT1600*0,-0.0002,2/20/2018 6:12:21 PM
DC Current - External:0.05 V Range:Yokogawa WT1600*0,-0.0008,2/20/2018 6:12:23 PM
DC Current - External:0.05 V Range:Yokogawa WT1600*0,0.0004,2/20/2018 6:12:23 PM
DC Current - External:0.05 V Range:Yokogawa WT1600*0,-0.0002,2/20/2018 6:12:23 PM
DC Current - External:0.1 V Range:Yokogawa WT1600*0,-0.0007,2/20/2018 6:12:26 PM
DC Current - External:0.1 V Range:Yokogawa WT1600*0,0.0006,2/20/2018 6:12:26 PM
DC Current - External:0.1 V Range:Yokogawa WT1600*0,0,2/20/2018 6:12:26 PM
DC Current - External:0.1 V Range:Yokogawa WT1600*0,-0.0004,2/20/2018 6:12:28 PM
DC Current - External:0.1 V Range:Yokogawa WT1600*0,0.0003,2/20/2018 6:12:28 PM
DC Current - External:0.1 V Range:Yokogawa WT1600*0,-0.0002,2/20/2018 6:12:28 PM
DC Current - External:0.25 V Range:Yokogawa WT1600*0,-0.001,2/20/2018 6:12:31 PM
DC Current - External:0.25 V Range:Yokogawa WT1600*0,0.0003,2/20/2018 6:12:31 PM
DC Current - External:0.25 V Range:Yokogawa WT1600*0,0,2/20/2018 6:12:31 PM
DC Current - External:0.25 V Range:Yokogawa WT1600*0,-0.0006,2/20/2018 6:12:33 PM
DC Current - External:0.25 V Range:Yokogawa WT1600*0,0.0004,2/20/2018 6:12:33 PM
DC Current - External:0.25 V Range:Yokogawa WT1600*0,-0.0001,2/20/2018 6:12:33 PM
DC Current - External:0.5 V Range:Yokogawa WT1600*0,-0.0009,2/20/2018 6:12:36 PM
DC Current - External:0.5 V Range:Yokogawa WT1600*0,0.0006,2/20/2018 6:12:36 PM
DC Current - External:0.5 V Range:Yokogawa WT1600*0,-0.0002,2/20/2018 6:12:36 PM
DC Current - External:0.5 V Range:Yokogawa WT1600*0,-0.0008,2/20/2018 6:12:38 PM
DC Current - External:0.5 V Range:Yokogawa WT1600*0,0.0003,2/20/2018 6:12:38 PM
DC Current - External:0.5 V Range:Yokogawa WT1600*0,-0.0001,2/20/2018 6:12:38 PM
DC Current - External:1 V Range:Yokogawa WT1600*0,-0.0008,2/20/2018 6:12:41 PM
DC Current - External:1 V Range:Yokogawa WT1600*0,0.0005,2/20/2018 6:12:41 PM
DC Current - External:1 V Range:Yokogawa WT1600*0,0.0001,2/20/2018 6:12:41 PM
DC Current - External:1 V Range:Yokogawa WT1600*0,-0.0007,2/20/2018 6:12:43 PM
DC Current - External:1 V Range:Yokogawa WT1600*0,0.0004,2/20/2018 6:12:43 PM
DC Current - External:1 V Range:Yokogawa WT1600*0,0,2/20/2018 6:12:43 PM
DC Current - External:1 V Range:Yokogawa WT1600*0,-0.0006,2/20/2018 6:12:45 PM
DC Current - External:1 V Range:Yokogawa WT1600*0,0.0006,2/20/2018 6:12:45 PM
DC Current - External:1 V Range:Yokogawa WT1600*0,-0.0001,2/20/2018 6:12:45 PM
DC Current - External:1 V Range:Yokogawa WT1600*0,-0.0008,2/20/2018 6:12:47 PM
DC Current - External:1 V Range:Yokogawa WT1600*0,0.0005,2/20/2018 6:12:47 PM
DC Current - External:1 V Range:Yokogawa WT1600*0,0.0001,2/20/2018 6:12:47 PM
DC Current - External:1 V Range:Yokogawa WT1600*0,-0.001,2/20/2018 6:12:49 PM
DC Current - External:1 V Range:Yokogawa WT1600*0,0.0006,2/20/2018 6:12:49 PM
DC Current - External:1 V Range:Yokogawa WT1600*0,0.0002,2/20/2018 6:12:49 PM
DC Current - External:1 V Range:Yokogawa WT1600*0,-0.0011,2/20/2018 6:12:51 PM
DC Current - External:1 V Range:Yokogawa WT1600*0,0.0001,2/20/2018 6:12:51 PM
DC Current - External:1 V Range:Yokogawa WT1600*0,0,2/20/2018 6:12:51 PM
DC Current - External:1 V Range:Yokogawa WT1600*0,-0.0003,2/20/2018 6:12:53 PM
DC Current - External:1 V Range:Yokogawa WT1600*0,0.0003,2/20/2018 6:12:53 PM
DC Current - External:1 V Range:Yokogawa WT1600*0,0.0002,2/20/2018 6:12:53 PM
DC Current - External:1 V Range:Yokogawa WT1600*0,-0.0008,2/20/2018 6:12:55 PM
DC Current - External:1 V Range:Yokogawa WT1600*0,0.0005,2/20/2018 6:12:55 PM
DC Current - External:1 V Range:Yokogawa WT1600*0,0,2/20/2018 6:12:55 PM
DC Current - External:2.5 V Range:Yokogawa WT1600*0,-0.0007,2/20/2018 6:12:58 PM
DC Current - External:2.5 V Range:Yokogawa WT1600*0,-0.0003,2/20/2018 6:12:58 PM
DC Current - External:2.5 V Range:Yokogawa WT1600*0,-0.0001,2/20/2018 6:12:58 PM
DC Current - External:2.5 V Range:Yokogawa WT1600*0,-0.0007,2/20/2018 6:13:00 PM
DC Current - External:2.5 V Range:Yokogawa WT1600*0,-0.0001,2/20/2018 6:13:00 PM
DC Current - External:2.5 V Range:Yokogawa WT1600*0,0,2/20/2018 6:13:00 PM
DC Current - External:5 V Range:Yokogawa WT1600*0,-0.0013,2/20/2018 6:13:04 PM
DC Current - External:5 V Range:Yokogawa WT1600*0,0.0005,2/20/2018 6:13:04 PM
DC Current - External:5 V Range:Yokogawa WT1600*0,-0.0011,2/20/2018 6:13:04 PM
DC Current - External:5 V Range:Yokogawa WT1600*0,-0.001,2/20/2018 6:13:06 PM
DC Current - External:5 V Range:Yokogawa WT1600*0,0.0006,2/20/2018 6:13:06 PM
DC Current - External:5 V Range:Yokogawa WT1600*0,-0.0007,2/20/2018 6:13:06 PM
DC Current - External:10 V Range:Yokogawa WT1600*0,-0.001,2/20/2018 6:13:09 PM
DC Current - External:10 V Range:Yokogawa WT1600*0,0.002,2/20/2018 6:13:09 PM
DC Current - External:10 V Range:Yokogawa WT1600*0,0.001,2/20/2018 6:13:09 PM
DC Current - External:10 V Range:Yokogawa WT1600*0,0,2/20/2018 6:13:11 PM
DC Current - External:10 V Range:Yokogawa WT1600*0,0.001,2/20/2018 6:13:11 PM
DC Current - External:10 V Range:Yokogawa WT1600*0,0.001,2/20/2018 6:13:11 PM
AC Current - External:0.05 V Range:Yokogawa WT1600*0,0,2/20/2018 6:13:16 PM
AC Current - External:0.05 V Range:Yokogawa WT1600*0,-0.0002,2/20/2018 6:13:16 PM
AC Current - External:0.05 V Range:Yokogawa WT1600*0,0.0002,2/20/2018 6:13:16 PM
AC Current - External:0.05 V Range:Yokogawa WT1600*0,-0.0002,2/20/2018 6:13:18 PM
AC Current - External:0.05 V Range:Yokogawa WT1600*0,-0.0002,2/20/2018 6:13:18 PM
AC Current - External:0.05 V Range:Yokogawa WT1600*0,0.0002,2/20/2018 6:13:18 PM
AC Current - External:0.05 V Range:Yokogawa WT1600*0,-0.0001,2/20/2018 6:13:21 PM
AC Current - External:0.05 V Range:Yokogawa WT1600*0,0,2/20/2018 6:13:21 PM
AC Current - External:0.05 V Range:Yokogawa WT1600*0,0.0001,2/20/2018 6:13:21 PM
AC Current - External:0.05 V Range:Yokogawa WT1600*0,-0.0001,2/20/2018 6:13:24 PM
AC Current - External:0.05 V Range:Yokogawa WT1600*0,-0.0001,2/20/2018 6:13:24 PM
AC Current - External:0.05 V Range:Yokogawa WT1600*0,0.0001,2/20/2018 6:13:24 PM
AC Current - External:0.05 V Range:Yokogawa WT1600*0,-0.0001,2/20/2018 6:13:26 PM
AC Current - External:0.05 V Range:Yokogawa WT1600*0,-0.0001,2/20/2018 6:13:26 PM
AC Current - External:0.05 V Range:Yokogawa WT1600*0,0.0003,2/20/2018 6:13:26 PM
AC Current - External:0.05 V Range:Yokogawa WT1600*0,-0.0001,2/20/2018 6:13:29 PM
AC Current - External:0.05 V Range:Yokogawa WT1600*0,-0.0002,2/20/2018 6:13:29 PM
AC Current - External:0.05 V Range:Yokogawa WT1600*0,0.0001,2/20/2018 6:13:29 PM
AC Current - External:0.1 V Range:Yokogawa WT1600*0,-0.0001,2/20/2018 6:13:32 PM
AC Current - External:0.1 V Range:Yokogawa WT1600*0,-0.0003,2/20/2018 6:13:32 PM
AC Current - External:0.1 V Range:Yokogawa WT1600*0,0.0004,2/20/2018 6:13:32 PM
AC Current - External:0.1 V Range:Yokogawa WT1600*0,-0.0002,2/20/2018 6:13:34 PM
AC Current - External:0.1 V Range:Yokogawa WT1600*0,-0.0001,2/20/2018 6:13:34 PM
AC Current - External:0.1 V Range:Yokogawa WT1600*0,0.0002,2/20/2018 6:13:34 PM
AC Current - External:0.1 V Range:Yokogawa WT1600*0,-0.0002,2/20/2018 6:13:36 PM
AC Current - External:0.1 V Range:Yokogawa WT1600*0,0.0002,2/20/2018 6:13:36 PM
AC Current - External:0.1 V Range:Yokogawa WT1600*0,0.0003,2/20/2018 6:13:36 PM
AC Current - External:0.1 V Range:Yokogawa WT1600*0,-0.0003,2/20/2018 6:13:40 PM
AC Current - External:0.1 V Range:Yokogawa WT1600*0,0,2/20/2018 6:13:40 PM
AC Current - External:0.1 V Range:Yokogawa WT1600*0,0.0003,2/20/2018 6:13:40 PM
AC Current - External:0.1 V Range:Yokogawa WT1600*0,-0.0002,2/20/2018 6:13:42 PM
AC Current - External:0.1 V Range:Yokogawa WT1600*0,-0.0001,2/20/2018 6:13:42 PM
AC Current - External:0.1 V Range:Yokogawa WT1600*0,0.0002,2/20/2018 6:13:42 PM
AC Current - External:0.1 V Range:Yokogawa WT1600*0,-0.0001,2/20/2018 6:13:44 PM
AC Current - External:0.1 V Range:Yokogawa WT1600*0,-0.0002,2/20/2018 6:13:44 PM
AC Current - External:0.1 V Range:Yokogawa WT1600*0,0.0002,2/20/2018 6:13:44 PM
AC Current - External:0.25 V Range:Yokogawa WT1600*0,-0.0001,2/20/2018 6:13:48 PM
AC Current - External:0.25 V Range:Yokogawa WT1600*0,-0.0001,2/20/2018 6:13:48 PM
AC Current - External:0.25 V Range:Yokogawa WT1600*0,0.0001,2/20/2018 6:13:48 PM
AC Current - External:0.25 V Range:Yokogawa WT1600*0,0.0001,2/20/2018 6:13:50 PM
AC Current - External:0.25 V Range:Yokogawa WT1600*0,-0.0001,2/20/2018 6:13:50 PM
AC Current - External:0.25 V Range:Yokogawa WT1600*0,0.0001,2/20/2018 6:13:50 PM
AC Current - External:0.25 V Range:Yokogawa WT1600*0,-0.0003,2/20/2018 6:13:53 PM
AC Current - External:0.25 V Range:Yokogawa WT1600*0,-0.0003,2/20/2018 6:13:53 PM
AC Current - External:0.25 V Range:Yokogawa WT1600*0,0.0001,2/20/2018 6:13:53 PM
AC Current - External:0.25 V Range:Yokogawa WT1600*0,-0.0003,2/20/2018 6:13:56 PM
AC Current - External:0.25 V Range:Yokogawa WT1600*0,0,2/20/2018 6:13:56 PM
AC Current - External:0.25 V Range:Yokogawa WT1600*0,0.0003,2/20/2018 6:13:56 PM
AC Current - External:0.25 V Range:Yokogawa WT1600*0,-0.0002,2/20/2018 6:13:59 PM
AC Current - External:0.25 V Range:Yokogawa WT1600*0,-0.0001,2/20/2018 6:13:59 PM
AC Current - External:0.25 V Range:Yokogawa WT1600*0,0.0002,2/20/2018 6:13:59 PM
AC Current - External:0.25 V Range:Yokogawa WT1600*0,-0.0002,2/20/2018 6:14:01 PM
AC Current - External:0.25 V Range:Yokogawa WT1600*0,-0.0002,2/20/2018 6:14:01 PM
AC Current - External:0.25 V Range:Yokogawa WT1600*0,0.0002,2/20/2018 6:14:01 PM
AC Current - External:0.5 V Range:Yokogawa WT1600*0,-0.0001,2/20/2018 6:14:04 PM
AC Current - External:0.5 V Range:Yokogawa WT1600*0,-0.0001,2/20/2018 6:14:04 PM
AC Current - External:0.5 V Range:Yokogawa WT1600*0,0.0002,2/20/2018 6:14:04 PM
AC Current - External:0.5 V Range:Yokogawa WT1600*0,-0.0002,2/20/2018 6:14:07 PM
AC Current - External:0.5 V Range:Yokogawa WT1600*0,-0.0003,2/20/2018 6:14:07 PM
AC Current - External:0.5 V Range:Yokogawa WT1600*0,0.0002,2/20/2018 6:14:07 PM
AC Current - External:0.5 V Range:Yokogawa WT1600*0,-0.0002,2/20/2018 6:14:09 PM
AC Current - External:0.5 V Range:Yokogawa WT1600*0,0.0001,2/20/2018 6:14:09 PM
AC Current - External:0.5 V Range:Yokogawa WT1600*0,0.0002,2/20/2018 6:14:09 PM
AC Current - External:0.5 V Range:Yokogawa WT1600*0,-0.0002,2/20/2018 6:14:13 PM
AC Current - External:0.5 V Range:Yokogawa WT1600*0,0,2/20/2018 6:14:13 PM
AC Current - External:0.5 V Range:Yokogawa WT1600*0,0.0004,2/20/2018 6:14:13 PM
AC Current - External:0.5 V Range:Yokogawa WT1600*0,-0.0001,2/20/2018 6:14:15 PM
AC Current - External:0.5 V Range:Yokogawa WT1600*0,0,2/20/2018 6:14:15 PM
AC Current - External:0.5 V Range:Yokogawa WT1600*0,0.0001,2/20/2018 6:14:15 PM
AC Current - External:0.5 V Range:Yokogawa WT1600*0,-0.0002,2/20/2018 6:14:17 PM
AC Current - External:0.5 V Range:Yokogawa WT1600*0,-0.0003,2/20/2018 6:14:17 PM
AC Current - External:0.5 V Range:Yokogawa WT1600*0,0.0004,2/20/2018 6:14:17 PM
AC Current - External:1 V Range:Yokogawa WT1600*0,-0.0001,2/20/2018 6:14:20 PM
AC Current - External:1 V Range:Yokogawa WT1600*0,0,2/20/2018 6:14:20 PM
AC Current - External:1 V Range:Yokogawa WT1600*0,0.0003,2/20/2018 6:14:20 PM
AC Current - External:1 V Range:Yokogawa WT1600*0,-0.0001,2/20/2018 6:14:22 PM
AC Current - External:1 V Range:Yokogawa WT1600*0,-0.0004,2/20/2018 6:14:22 PM
AC Current - External:1 V Range:Yokogawa WT1600*0,0.0003,2/20/2018 6:14:22 PM
AC Current - External:1 V Range:Yokogawa WT1600*0,-0.0002,2/20/2018 6:14:25 PM
AC Current - External:1 V Range:Yokogawa WT1600*0,0.0001,2/20/2018 6:14:25 PM
AC Current - External:1 V Range:Yokogawa WT1600*0,0,2/20/2018 6:14:25 PM
AC Current - External:1 V Range:Yokogawa WT1600*0,-0.0003,2/20/2018 6:14:28 PM
AC Current - External:1 V Range:Yokogawa WT1600*0,-0.0001,2/20/2018 6:14:28 PM
AC Current - External:1 V Range:Yokogawa WT1600*0,0.0002,2/20/2018 6:14:28 PM
AC Current - External:1 V Range:Yokogawa WT1600*0,-0.0002,2/20/2018 6:14:31 PM
AC Current - External:1 V Range:Yokogawa WT1600*0,-0.0001,2/20/2018 6:14:31 PM
AC Current - External:1 V Range:Yokogawa WT1600*0,0.0003,2/20/2018 6:14:31 PM
AC Current - External:1 V Range:Yokogawa WT1600*0,0,2/20/2018 6:14:33 PM
AC Current - External:1 V Range:Yokogawa WT1600*0,-0.0003,2/20/2018 6:14:33 PM
AC Current - External:1 V Range:Yokogawa WT1600*0,0.0001,2/20/2018 6:14:33 PM
AC Current - External:2.5 V Range:Yokogawa WT1600*0,-0.0009,2/20/2018 6:14:37 PM
AC Current - External:2.5 V Range:Yokogawa WT1600*0,0,2/20/2018 6:14:37 PM
AC Current - External:2.5 V Range:Yokogawa WT1600*0,-0.0001,2/20/2018 6:14:37 PM
AC Current - External:2.5 V Range:Yokogawa WT1600*0,-0.0009,2/20/2018 6:14:39 PM
AC Current - External:2.5 V Range:Yokogawa WT1600*0,-0.0002,2/20/2018 6:14:39 PM
AC Current - External:2.5 V Range:Yokogawa WT1600*0,-0.0001,2/20/2018 6:14:39 PM
AC Current - External:2.5 V Range:Yokogawa WT1600*0,-0.0008,2/20/2018 6:14:42 PM
AC Current - External:2.5 V Range:Yokogawa WT1600*0,0.0001,2/20/2018 6:14:42 PM
AC Current - External:2.5 V Range:Yokogawa WT1600*0,-0.0004,2/20/2018 6:14:42 PM
AC Current - External:2.5 V Range:Yokogawa WT1600*0,-0.001,2/20/2018 6:14:46 PM
AC Current - External:2.5 V Range:Yokogawa WT1600*0,0.0001,2/20/2018 6:14:46 PM
AC Current - External:2.5 V Range:Yokogawa WT1600*0,-0.0001,2/20/2018 6:14:46 PM
AC Current - External:2.5 V Range:Yokogawa WT1600*0,-0.0006,2/20/2018 6:14:48 PM
AC Current - External:2.5 V Range:Yokogawa WT1600*0,-0.0002,2/20/2018 6:14:48 PM
AC Current - External:2.5 V Range:Yokogawa WT1600*0,0.0001,2/20/2018 6:14:48 PM
AC Current - External:2.5 V Range:Yokogawa WT1600*0,-0.0005,2/20/2018 6:14:50 PM
AC Current - External:2.5 V Range:Yokogawa WT1600*0,-0.0002,2/20/2018 6:14:50 PM
AC Current - External:2.5 V Range:Yokogawa WT1600*0,-0.0001,2/20/2018 6:14:50 PM
AC Current - External:5 V Range:Yokogawa WT1600*0,-0.0005,2/20/2018 6:14:54 PM
AC Current - External:5 V Range:Yokogawa WT1600*0,0.0003,2/20/2018 6:14:54 PM
AC Current - External:5 V Range:Yokogawa WT1600*0,-0.0007,2/20/2018 6:14:54 PM
AC Current - External:5 V Range:Yokogawa WT1600*0,-0.0006,2/20/2018 6:14:57 PM
AC Current - External:5 V Range:Yokogawa WT1600*0,0.0001,2/20/2018 6:14:57 PM
AC Current - External:5 V Range:Yokogawa WT1600*0,-0.0006,2/20/2018 6:14:57 PM
AC Current - External:5 V Range:Yokogawa WT1600*0,-0.0002,2/20/2018 6:14:59 PM
AC Current - External:5 V Range:Yokogawa WT1600*0,0.0006,2/20/2018 6:14:59 PM
AC Current - External:5 V Range:Yokogawa WT1600*0,-0.0009,2/20/2018 6:14:59 PM
AC Current - External:5 V Range:Yokogawa WT1600*0,-0.0006,2/20/2018 6:15:02 PM
AC Current - External:5 V Range:Yokogawa WT1600*0,0.0003,2/20/2018 6:15:02 PM
AC Current - External:5 V Range:Yokogawa WT1600*0,-0.0012,2/20/2018 6:15:02 PM
AC Current - External:5 V Range:Yokogawa WT1600*0,-0.0006,2/20/2018 6:15:04 PM
AC Current - External:5 V Range:Yokogawa WT1600*0,0.0001,2/20/2018 6:15:04 PM
AC Current - External:5 V Range:Yokogawa WT1600*0,-0.0005,2/20/2018 6:15:04 PM
AC Current - External:5 V Range:Yokogawa WT1600*0,-0.0004,2/20/2018 6:15:05 PM
AC Current - External:5 V Range:Yokogawa WT1600*0,-0.0001,2/20/2018 6:15:05 PM
AC Current - External:5 V Range:Yokogawa WT1600*0,-0.0004,2/20/2018 6:15:05 PM
AC Current - External:10 V Range:Yokogawa WT1600*0,-0.003,2/20/2018 6:15:09 PM
AC Current - External:10 V Range:Yokogawa WT1600*0,0,2/20/2018 6:15:09 PM
AC Current - External:10 V Range:Yokogawa WT1600*0,0.003,2/20/2018 6:15:09 PM
AC Current - External:10 V Range:Yokogawa WT1600*0,-0.004,2/20/2018 6:15:11 PM
AC Current - External:10 V Range:Yokogawa WT1600*0,0,2/20/2018 6:15:11 PM
AC Current - External:10 V Range:Yokogawa WT1600*0,0.002,2/20/2018 6:15:11 PM
AC Current - External:10 V Range:Yokogawa WT1600*0,-0.004,2/20/2018 6:15:14 PM
AC Current - External:10 V Range:Yokogawa WT1600*0,-0.001,2/20/2018 6:15:14 PM
AC Current - External:10 V Range:Yokogawa WT1600*0,0.002,2/20/2018 6:15:14 PM
AC Current - External:10 V Range:Yokogawa WT1600*0,-0.004,2/20/2018 6:15:17 PM
AC Current - External:10 V Range:Yokogawa WT1600*0,0.001,2/20/2018 6:15:17 PM
AC Current - External:10 V Range:Yokogawa WT1600*0,0.001,2/20/2018 6:15:17 PM
AC Current - External:10 V Range:Yokogawa WT1600*0,-0.004,2/20/2018 6:15:19 PM
AC Current - External:10 V Range:Yokogawa WT1600*0,0,2/20/2018 6:15:19 PM
AC Current - External:10 V Range:Yokogawa WT1600*0,0.002,2/20/2018 6:15:19 PM
AC Current - External:10 V Range:Yokogawa WT1600*0,-0.004,2/20/2018 6:15:20 PM
AC Current - External:10 V Range:Yokogawa WT1600*0,0,2/20/2018 6:15:20 PM
AC Current - External:10 V Range:Yokogawa WT1600*0,0.002,2/20/2018 6:15:20 PM
