DC Volts:1.5 V Range:Yokogawa WT1600*0,1.4985,3/12/2018 15:27
DC Volts:1.5 V Range:Yokogawa WT1600*0,-1.4993,3/12/2018 15:27
DC Volts:3 V Range:Yokogawa WT1600*0,2.9973,3/12/2018 15:27
DC Volts:3 V Range:Yokogawa WT1600*0,-2.9977,3/12/2018 15:27
DC Volts:6 V Range:Yokogawa WT1600*0,5.9947,3/12/2018 15:27
DC Volts:6 V Range:Yokogawa WT1600*0,-5.9959,3/12/2018 15:27
DC Volts:10 V Range:Yokogawa WT1600*0,9.992,3/12/2018 15:27
DC Volts:10 V Range:Yokogawa WT1600*0,-9.992,3/12/2018 15:27
DC Volts:15 V Range:Yokogawa WT1600*0,14.988,3/12/2018 15:27
DC Volts:15 V Range:Yokogawa WT1600*0,-14.992,3/12/2018 15:27
DC Volts:30 V Range:Yokogawa WT1600*0,29.971,3/12/2018 15:27
DC Volts:30 V Range:Yokogawa WT1600*0,-29.982,3/12/2018 15:27
DC Volts:60 V Range:Yokogawa WT1600*0,59.954,3/12/2018 15:27
DC Volts:60 V Range:Yokogawa WT1600*0,-59.949,3/12/2018 15:27
DC Volts:100 V Range:Yokogawa WT1600*0,99.92,3/12/2018 15:27
DC Volts:100 V Range:Yokogawa WT1600*0,-99.94,3/12/2018 15:27
DC Volts:100 V Range: Linearity:Yokogawa WT1600*0,49.96,3/12/2018 15:27
DC Volts:100 V Range: Linearity:Yokogawa WT1600*0,-49.96,3/12/2018 15:27
DC Volts:100 V Range: Linearity:Yokogawa WT1600*0,10,3/12/2018 15:27
DC Volts:100 V Range: Linearity:Yokogawa WT1600*0,-9.99,3/12/2018 15:27
DC Volts:100 V Range: Linearity:Yokogawa WT1600*0,0.99,3/12/2018 15:27
DC Volts:100 V Range: Linearity:Yokogawa WT1600*0,-1,3/12/2018 15:27
DC Volts:150 V Range:Yokogawa WT1600*0,149.95,3/12/2018 15:27
DC Volts:150 V Range:Yokogawa WT1600*0,-149.99,3/12/2018 15:27
DC Volts:300 V Range:Yokogawa WT1600*0,299.86,3/12/2018 15:28
DC Volts:300 V Range:Yokogawa WT1600*0,-299.96,3/12/2018 15:28
DC Volts:1000 V Range:Yokogawa WT1600*0,899.6,3/12/2018 15:28
DC Volts:1000 V Range:Yokogawa WT1600*0,-900.1,3/12/2018 15:28
AC Volts:1.5 V Range:Yokogawa WT1600*0,1.5002,3/12/2018 15:28
AC Volts:1.5 V Range:Yokogawa WT1600*0,1.4994,3/12/2018 15:28
AC Volts:1.5 V Range:Yokogawa WT1600*0,1.4987,3/12/2018 15:28
AC Volts:1.5 V Range:Yokogawa WT1600*0,1.4992,3/12/2018 15:28
AC Volts:1.5 V Range:Yokogawa WT1600*0,1.498,3/12/2018 15:28
AC Volts:1.5 V Range:Yokogawa WT1600*0,1.5004,3/12/2018 15:28
AC Volts:3 V Range:Yokogawa WT1600*0,2.9989,3/12/2018 15:28
AC Volts:3 V Range:Yokogawa WT1600*0,2.9981,3/12/2018 15:28
AC Volts:3 V Range:Yokogawa WT1600*0,3,3/12/2018 15:28
AC Volts:3 V Range:Yokogawa WT1600*0,2.9977,3/12/2018 15:28
AC Volts:3 V Range:Yokogawa WT1600*0,2.9959,3/12/2018 15:28
AC Volts:3 V Range:Yokogawa WT1600*0,2.9919,3/12/2018 15:28
AC Volts:6 V Range:Yokogawa WT1600*0,5.9968,3/12/2018 15:28
AC Volts:6 V Range:Yokogawa WT1600*0,5.999,3/12/2018 15:28
AC Volts:6 V Range:Yokogawa WT1600*0,5.9986,3/12/2018 15:29
AC Volts:6 V Range:Yokogawa WT1600*0,5.9945,3/12/2018 15:29
AC Volts:6 V Range:Yokogawa WT1600*0,5.9909,3/12/2018 15:29
AC Volts:6 V Range:Yokogawa WT1600*0,2.9919,3/12/2018 15:29
AC Volts:10 V Range:Yokogawa WT1600*0,9.985,3/12/2018 15:29
AC Volts:10 V Range:Yokogawa WT1600*0,10.001,3/12/2018 15:29
AC Volts:10 V Range:Yokogawa WT1600*0,9.989,3/12/2018 15:29
AC Volts:10 V Range:Yokogawa WT1600*0,9.991,3/12/2018 15:29
AC Volts:10 V Range:Yokogawa WT1600*0,9.99,3/12/2018 15:29
AC Volts:10 V Range:Yokogawa WT1600*0,2.992,3/12/2018 15:29
AC Volts:15 V Range:Yokogawa WT1600*0,15.002,3/12/2018 15:29
AC Volts:15 V Range:Yokogawa WT1600*0,14.947,3/12/2018 15:29
AC Volts:15 V Range:Yokogawa WT1600*0,14.988,3/12/2018 15:29
AC Volts:15 V Range:Yokogawa WT1600*0,14.99,3/12/2018 15:29
AC Volts:15 V Range:Yokogawa WT1600*0,14.969,3/12/2018 15:29
AC Volts:15 V Range:Yokogawa WT1600*0,2.98,3/12/2018 15:29
AC Volts:30 V Range:Yokogawa WT1600*0,30.004,3/12/2018 15:29
AC Volts:30 V Range:Yokogawa WT1600*0,29.979,3/12/2018 15:29
AC Volts:30 V Range:Yokogawa WT1600*0,29.957,3/12/2018 15:29
AC Volts:30 V Range:Yokogawa WT1600*0,29.974,3/12/2018 15:29
AC Volts:30 V Range:Yokogawa WT1600*0,29.985,3/12/2018 15:30
AC Volts:30 V Range:Yokogawa WT1600*0,2.975,3/12/2018 15:30
AC Volts:60 V Range:Yokogawa WT1600*0,29.952,3/12/2018 15:30
AC Volts:60 V Range:Yokogawa WT1600*0,60.005,3/12/2018 15:30
AC Volts:60 V Range:Yokogawa WT1600*0,59.997,3/12/2018 15:30
AC Volts:60 V Range:Yokogawa WT1600*0,59.954,3/12/2018 15:30
AC Volts:60 V Range:Yokogawa WT1600*0,59.995,3/12/2018 15:30
AC Volts:100 V Range:Yokogawa WT1600*0,29.95,3/12/2018 15:30
AC Volts:100 V Range:Yokogawa WT1600*0,100.04,3/12/2018 15:30
AC Volts:100 V Range:Yokogawa WT1600*0,99.95,3/12/2018 15:30
AC Volts:100 V Range:Yokogawa WT1600*0,99.93,3/12/2018 15:30
AC Volts:100 V Range:Yokogawa WT1600*0,99.88,3/12/2018 15:30
AC Volts:150 V Range:Yokogawa WT1600*0,30.01,3/12/2018 15:30
AC Volts:150 V Range:Yokogawa WT1600*0,149.9,3/12/2018 15:31
AC Volts:150 V Range:Yokogawa WT1600*0,150,3/12/2018 15:31
AC Volts:150 V Range:Yokogawa WT1600*0,149.95,3/12/2018 15:31
AC Volts:150 V Range:Yokogawa WT1600*0,149.95,3/12/2018 15:31
AC Volts:300 V Range:Yokogawa WT1600*0,30.02,3/12/2018 15:31
AC Volts:300 V Range:Yokogawa WT1600*0,300.06,3/12/2018 15:31
AC Volts:300 V Range:Yokogawa WT1600*0,300.08,3/12/2018 15:31
AC Volts:300 V Range:Yokogawa WT1600*0,299.83,3/12/2018 15:31
AC Volts:1000 V Range:Yokogawa WT1600*0,30.1,3/12/2018 15:31
AC Volts:1000 V Range:Yokogawa WT1600*0,900.5,3/12/2018 15:31
AC Volts:1000 V Range:Yokogawa WT1600*0,899.6,3/12/2018 15:31
,NaN,
,NaN,
,NaN,
,NaN,
,NaN,
,NaN,
,NaN,
,NaN,
,NaN,
,NaN,
,NaN,
,NaN,
,NaN,
,NaN,
,NaN,
,NaN,
DC Current - Low:1 A Range:Yokogawa WT1600*0,0.9991,3/12/2018 15:32
DC Current - Low:1 A Range:Yokogawa WT1600*0,-0.9999,3/12/2018 15:32
DC Current - Low:2 A Range:Yokogawa WT1600*0,1.9983,3/12/2018 15:32
DC Current - Low:2 A Range:Yokogawa WT1600*0,-1.9993,3/12/2018 15:32
,NaN,
,NaN,
,NaN,
,NaN,
,NaN,
,NaN,
,NaN,
,NaN,
,NaN,
,NaN,
,NaN,
,NaN,
,NaN,
,NaN,
,NaN,
,NaN,
,NaN,
,NaN,
,NaN,
,NaN,
,NaN,
,NaN,
,NaN,
,NaN,
,NaN,
,NaN,
,NaN,
,NaN,
,NaN,
,NaN,
,NaN,
,NaN,
,NaN,
AC Current - Low:1 A Range:Yokogawa WT1600*0,0.9993,3/12/2018 15:32
AC Current - Low:1 A Range:Yokogawa WT1600*0,0.9994,3/12/2018 15:32
AC Current - Low:1 A Range:Yokogawa WT1600*0,1.0009,3/12/2018 15:32
AC Current - Low:1 A Range:Yokogawa WT1600*0,0.2974,3/12/2018 15:32
AC Current - Low:2 A Range:Yokogawa WT1600*0,1.9988,3/12/2018 15:32
AC Current - Low:2 A Range:Yokogawa WT1600*0,1.9991,3/12/2018 15:32
AC Current - Low:2 A Range:Yokogawa WT1600*0,2.0015,3/12/2018 15:32
AC Current - Low:2 A Range:Yokogawa WT1600*0,0.2974,3/12/2018 15:32
AC Current - Low:5 A Range:Yokogawa WT1600*0,1.9992,3/12/2018 15:32
AC Current - Low:10 A Range:Yokogawa WT1600*0,1.999,3/12/2018 15:32
AC Current - Low:20 A Range:Yokogawa WT1600*0,2,3/12/2018 15:32
AC Current - Low:50 A Range:Yokogawa WT1600*0,2.002,3/12/2018 15:32
,NaN,
,NaN,
,NaN,
,NaN,
,NaN,
,NaN,
,NaN,
,NaN,
,NaN,
,NaN,
,NaN,
,NaN,
,NaN,
,NaN,
,NaN,
,NaN,
,NaN,
,NaN,
,NaN,
,NaN,
,NaN,
,NaN,
,NaN,
,NaN,
,NaN,
,NaN,
,NaN,
,NaN,
,NaN,
,NaN,
,NaN,
,NaN,
,NaN,
,NaN,
,NaN,
,NaN,
DC Power - Low:1.5 V / 1 A Range:Yokogawa WT1600*0,1.4978,3/12/2018 15:33
DC Power - Low:1.5 V / 1 A Range:Yokogawa WT1600*0,-1.498,3/12/2018 15:33
DC Power - Low:3 V / 1 A Range:Yokogawa WT1600*0,2.995,3/12/2018 15:33
DC Power - Low:3 V / 1 A Range:Yokogawa WT1600*0,-2.9955,3/12/2018 15:33
DC Power - Low:6 V / 1 A Range:Yokogawa WT1600*0,5.991,3/12/2018 15:33
DC Power - Low:6 V / 1 A Range:Yokogawa WT1600*0,-5.9911,3/12/2018 15:33
DC Power - Low:10 V / 1 A Range:Yokogawa WT1600*0,9.988,3/12/2018 15:33
DC Power - Low:10 V / 1 A Range:Yokogawa WT1600*0,-9.99,3/12/2018 15:33
DC Power - Low:15 V / 1 A Range:Yokogawa WT1600*0,14.975,3/12/2018 15:33
DC Power - Low:15 V / 1 A Range:Yokogawa WT1600*0,-14.985,3/12/2018 15:33
DC Power - Low:30 V / 1 A Range:Yokogawa WT1600*0,29.95,3/12/2018 15:33
DC Power - Low:30 V / 1 A Range:Yokogawa WT1600*0,-29.964,3/12/2018 15:33
DC Power - Low:60 V / 1 A Range:Yokogawa WT1600*0,59.922,3/12/2018 15:33
DC Power - Low:60 V / 1 A Range:Yokogawa WT1600*0,-59.917,3/12/2018 15:33
DC Power - Low:100 V / X A Range:Yokogawa WT1600*0,99.86,3/12/2018 15:34
DC Power - Low:100 V / X A Range:Yokogawa WT1600*0,-99.89,3/12/2018 15:34
DC Power - Low:100 V / X A Range:Yokogawa WT1600*0,199.67,3/12/2018 15:34
DC Power - Low:100 V / X A Range:Yokogawa WT1600*0,-199.7,3/12/2018 15:34
DC Power - Low:150 V / 1 A Range:Yokogawa WT1600*0,149.85,3/12/2018 15:34
DC Power - Low:150 V / 1 A Range:Yokogawa WT1600*0,-149.89,3/12/2018 15:34
DC Power - Low:300 V / 1 A Range:Yokogawa WT1600*0,299.69,3/12/2018 15:34
DC Power - Low:300 V / 1 A Range:Yokogawa WT1600*0,-299.86,3/12/2018 15:34
DC Power - Low:1000 V / 1 A Range:Yokogawa WT1600*0,998.9,3/12/2018 15:34
DC Power - Low:1000 V / 1 A Range:Yokogawa WT1600*0,-999.3,3/12/2018 15:34
,NaN,
,NaN,
,NaN,
,NaN,
,NaN,
,NaN,
,NaN,
,NaN,
,NaN,
,NaN,
,NaN,
,NaN,
,NaN,
,NaN,
,NaN,
,NaN,
,NaN,
,NaN,
,NaN,
,NaN,
,NaN,
,NaN,
,NaN,
,NaN,
,NaN,
,NaN,
,NaN,
,NaN,
,NaN,
,NaN,
,NaN,
,NaN,
,NaN,
,NaN,
,NaN,
,NaN,
,NaN,
,NaN,
,NaN,
,NaN,
,NaN,
,NaN,
,NaN,
,NaN,
,NaN,
,NaN,
,NaN,
,NaN,
,NaN,
,NaN,
,NaN,
,NaN,
,NaN,
AC Power - Low:1.5 V / 1 A Range:Yokogawa WT1600*0,1.4985,3/12/2018 15:34
AC Power - Low:1.5 V / 1 A Range:Yokogawa WT1600*0,1.498,3/12/2018 15:35
AC Power - Low:1.5 V / 1 A Range:Yokogawa WT1600*0,1.5006,3/12/2018 15:35
AC Power - Low:1.5 V / 1 A Range:Yokogawa WT1600*0,1.4978,3/12/2018 15:35
AC Power - Low:3 V / 1 A Range:Yokogawa WT1600*0,2.9962,3/12/2018 15:35
AC Power - Low:3 V / 1 A Range:Yokogawa WT1600*0,2.9964,3/12/2018 15:35
AC Power - Low:3 V / 1 A Range:Yokogawa WT1600*0,3.0005,3/12/2018 15:35
AC Power - Low:3 V / 1 A Range:Yokogawa WT1600*0,2.995,3/12/2018 15:35
AC Power - Low:6 V / 1 A Range:Yokogawa WT1600*0,5.9906,3/12/2018 15:35
AC Power - Low:6 V / 1 A Range:Yokogawa WT1600*0,5.9925,3/12/2018 15:35
AC Power - Low:6 V / 1 A Range:Yokogawa WT1600*0,6.0004,3/12/2018 15:35
AC Power - Low:6 V / 1 A Range:Yokogawa WT1600*0,5.989,3/12/2018 15:35
AC Power - Low:10 V / 1 A Range:Yokogawa WT1600*0,9.994,3/12/2018 15:36
AC Power - Low:10 V / 1 A Range:Yokogawa WT1600*0,9.987,3/12/2018 15:36
AC Power - Low:10 V / 1 A Range:Yokogawa WT1600*0,10.002,3/12/2018 15:36
AC Power - Low:10 V / 1 A Range:Yokogawa WT1600*0,9.983,3/12/2018 15:36
AC Power - Low:15 V / 1 A Range:Yokogawa WT1600*0,0.002,3/12/2018 15:36
AC Power - Low:15 V / 1 A Range:Yokogawa WT1600*0,14.981,3/12/2018 15:36
AC Power - Low:15 V / 1 A Range:Yokogawa WT1600*0,14.982,3/12/2018 15:36
AC Power - Low:15 V / 1 A Range:Yokogawa WT1600*0,15.002,3/12/2018 15:36
AC Power - Low:15 V / 1 A Range:Yokogawa WT1600*0,14.978,3/12/2018 15:36
AC Power - Low:30 V / 1 A Range:Yokogawa WT1600*0,29.961,3/12/2018 15:36
AC Power - Low:30 V / 1 A Range:Yokogawa WT1600*0,29.963,3/12/2018 15:36
AC Power - Low:30 V / 1 A Range:Yokogawa WT1600*0,30.003,3/12/2018 15:36
AC Power - Low:30 V / 1 A Range:Yokogawa WT1600*0,29.951,3/12/2018 15:37
AC Power - Low:60 V / 1 A Range:Yokogawa WT1600*0,29.959,3/12/2018 15:37
AC Power - Low:60 V / 1 A Range:Yokogawa WT1600*0,59.929,3/12/2018 15:37
AC Power - Low:60 V / 1 A Range:Yokogawa WT1600*0,59.999,3/12/2018 15:37
AC Power - Low:60 V / 1 A Range:Yokogawa WT1600*0,59.897,3/12/2018 15:37
AC Power - Low:100 V / X A Range:Yokogawa WT1600*0,-0.02,3/12/2018 15:37
AC Power - Low:100 V / X A Range:Yokogawa WT1600*0,29.97,3/12/2018 15:37
AC Power - Low:100 V / X A Range:Yokogawa WT1600*0,99.88,3/12/2018 15:38
AC Power - Low:100 V / X A Range:Yokogawa WT1600*0,199.78,3/12/2018 15:38
AC Power - Low:100 V / X A Range:Yokogawa WT1600*0,100.06,3/12/2018 15:38
AC Power - Low:100 V / X A Range:Yokogawa WT1600*0,99.81,3/12/2018 15:38
AC Power - Low:150 V / 1 A Range:Yokogawa WT1600*0,29.98,3/12/2018 15:38
AC Power - Low:150 V / 1 A Range:Yokogawa WT1600*0,149.86,3/12/2018 15:38
AC Power - Low:150 V / 1 A Range:Yokogawa WT1600*0,150.12,3/12/2018 15:38
AC Power - Low:150 V / 1 A Range:Yokogawa WT1600*0,149.83,3/12/2018 15:38
AC Power - Low:300 V / 1 A Range:Yokogawa WT1600*0,29.99,3/12/2018 15:39
AC Power - Low:300 V / 1 A Range:Yokogawa WT1600*0,299.72,3/12/2018 15:39
AC Power - Low:300 V / 1 A Range:Yokogawa WT1600*0,300.13,3/12/2018 15:39
AC Power - Low:300 V / 1 A Range:Yokogawa WT1600*0,299.52,3/12/2018 15:39
AC Power - Low:1000 V / 1 A Range:Yokogawa WT1600*0,30,3/12/2018 15:39
AC Power - Low:1000 V / 1 A Range:Yokogawa WT1600*0,999.4,3/12/2018 15:39
AC Power - Low:1000 V / 1 A Range:Yokogawa WT1600*0,1000.8,3/12/2018 15:39
AC Power - Low:1000 V / 1 A Range:Yokogawa WT1600*0,299.7,3/12/2018 15:40
,NaN,
,NaN,
DC Current - High:5 A Range:Yokogawa WT1600*0,4.9963,3/12/2018 15:41
DC Current - High:5 A Range:Yokogawa WT1600*0,-4.9967,3/12/2018 15:41
DC Current - High:10 A Range:Yokogawa WT1600*0,9.991,3/12/2018 15:41
DC Current - High:10 A Range:Yokogawa WT1600*0,-9.994,3/12/2018 15:41
DC Current - High:20 A Range:Yokogawa WT1600*0,19.981,3/12/2018 15:41
DC Current - High:20 A Range:Yokogawa WT1600*0,-19.985,3/12/2018 15:41
DC Current - High:50 A Range:Yokogawa WT1600*0,19.978,3/12/2018 15:41
DC Current - High:50 A Range:Yokogawa WT1600*0,-19.989,3/12/2018 15:41
,NaN,
,NaN,
,NaN,
AC Current - High:5 A Range:Yokogawa WT1600*0,4.9972,3/12/2018 15:41
AC Current - High:5 A Range:Yokogawa WT1600*0,5.0044,3/12/2018 15:41
AC Current - High:5 A Range:Yokogawa WT1600*0,4.9799,3/12/2018 15:41
AC Current - High:10 A Range:Yokogawa WT1600*0,9.992,3/12/2018 15:41
AC Current - High:10 A Range:Yokogawa WT1600*0,10.003,3/12/2018 15:42
AC Current - High:10 A Range:Yokogawa WT1600*0,9.946,3/12/2018 15:42
AC Current - High:20 A Range:Yokogawa WT1600*0,19.985,3/12/2018 15:42
AC Current - High:20 A Range:Yokogawa WT1600*0,20.007,3/12/2018 15:42
AC Current - High:20 A Range:Yokogawa WT1600*0,19.908,3/12/2018 15:42
AC Current - High:50 A Range:Yokogawa WT1600*0,19.989,3/12/2018 15:42
AC Current - High:50 A Range:Yokogawa WT1600*0,20.012,3/12/2018 15:42
AC Current - High:50 A Range:Yokogawa WT1600*0,19.911,3/12/2018 15:42
,NaN,
,NaN,
DC Power - High:100 V / 5 A Range:Yokogawa WT1600*0,499.2,3/12/2018 15:42
DC Power - High:100 V / 5 A Range:Yokogawa WT1600*0,-499.43,3/12/2018 15:42
DC Power - High:100 V / 10 A Range:Yokogawa WT1600*0,998.4,3/12/2018 15:42
DC Power - High:100 V / 10 A Range:Yokogawa WT1600*0,-998.7,3/12/2018 15:42
DC Power - High:100 V / 20 A Range:Yokogawa WT1600*0,1997.1,3/12/2018 15:43
DC Power - High:100 V / 20 A Range:Yokogawa WT1600*0,-1997.7,3/12/2018 15:43
DC Power - High:100 V / 50 A Range:Yokogawa WT1600*0,1997,3/12/2018 15:43
DC Power - High:100 V / 50 A Range:Yokogawa WT1600*0,-1997.7,3/12/2018 15:43
DC Power - High:1000 V / 50 A Range:Yokogawa WT1600*0,19983,3/12/2018 15:43
DC Power - High:1000 V / 50 A Range:Yokogawa WT1600*0,-19990,3/12/2018 15:43
,NaN,
AC Power - High:100 V / 5 A Range:Yokogawa WT1600*0,499.5,3/12/2018 15:43
AC Power - High:100 V / 10 A Range:Yokogawa WT1600*0,998.8,3/12/2018 15:43
AC Power - High:100 V / 20 A Range:Yokogawa WT1600*0,1997.4,3/12/2018 15:43
AC Power - High:100 V / 50 A Range:Yokogawa WT1600*0,1998,3/12/2018 15:43
AC Power - High:1000 V / 50 A Range:Yokogawa WT1600*0,19989,3/12/2018 15:44
DC Power - External:1.5 V / 1 V Range:Yokogawa WT1600*0,149.91,3/12/2018 15:50
DC Power - External:1.5 V / 1 V Range:Yokogawa WT1600*0,-149.93,3/12/2018 15:50
DC Power - External:3 V / 1 V Range:Yokogawa WT1600*0,299.78,3/12/2018 15:50
DC Power - External:3 V / 1 V Range:Yokogawa WT1600*0,-299.79,3/12/2018 15:50
DC Power - External:6 V / 1 V Range:Yokogawa WT1600*0,599.36,3/12/2018 15:50
DC Power - External:6 V / 1 V Range:Yokogawa WT1600*0,-599.62,3/12/2018 15:50
DC Power - External:10 V / 1 V Range:Yokogawa WT1600*0,999.4,3/12/2018 15:51
DC Power - External:10 V / 1 V Range:Yokogawa WT1600*0,-999.4,3/12/2018 15:51
DC Power - External:15 V / 1 V Range:Yokogawa WT1600*0,1498.7,3/12/2018 15:51
DC Power - External:15 V / 1 V Range:Yokogawa WT1600*0,-1499.4,3/12/2018 15:51
DC Power - External:30 V / 1 V Range:Yokogawa WT1600*0,2997.7,3/12/2018 15:51
DC Power - External:30 V / 1 V Range:Yokogawa WT1600*0,-2998.6,3/12/2018 15:51
DC Power - External:60 V / 1 V Range:Yokogawa WT1600*0,5996.7,3/12/2018 15:51
DC Power - External:60 V / 1 V Range:Yokogawa WT1600*0,-5996.4,3/12/2018 15:51
DC Power - External:100 V / X V Range:Yokogawa WT1600*0,501,3/12/2018 15:51
DC Power - External:100 V / X V Range:Yokogawa WT1600*0,-500,3/12/2018 15:51
DC Power - External:100 V / X V Range:Yokogawa WT1600*0,1000,3/12/2018 15:51
DC Power - External:100 V / X V Range:Yokogawa WT1600*0,-1000,3/12/2018 15:51
DC Power - External:100 V / X V Range:Yokogawa WT1600*0,2499,3/12/2018 15:51
DC Power - External:100 V / X V Range:Yokogawa WT1600*0,-2499,3/12/2018 15:51
DC Power - External:100 V / X V Range:Yokogawa WT1600*0,4998,3/12/2018 15:51
DC Power - External:100 V / X V Range:Yokogawa WT1600*0,-4997,3/12/2018 15:52
DC Power - External:100 V / X V Range:Yokogawa WT1600*0,9993,3/12/2018 15:52
DC Power - External:100 V / X V Range:Yokogawa WT1600*0,-9995,3/12/2018 15:52
DC Power - External:100 V / X V Range:Yokogawa WT1600*0,24982,3/12/2018 15:52
DC Power - External:100 V / X V Range:Yokogawa WT1600*0,-24985,3/12/2018 15:52
DC Power - External:100 V / X V Range:Yokogawa WT1600*0,49961,3/12/2018 15:52
DC Power - External:100 V / X V Range:Yokogawa WT1600*0,-49967,3/12/2018 15:52
DC Power - External:100 V / X V Range:Yokogawa WT1600*0,69970,3/12/2018 15:52
DC Power - External:100 V / X V Range:Yokogawa WT1600*0,-69980,3/12/2018 15:52
DC Power - External:150 V / 1 V Range:Yokogawa WT1600*0,15000,3/12/2018 15:52
DC Power - External:150 V / 1 V Range:Yokogawa WT1600*0,-15001,3/12/2018 15:52
DC Power - External:300 V / 1 V Range:Yokogawa WT1600*0,29987,3/12/2018 15:52
DC Power - External:300 V / 1 V Range:Yokogawa WT1600*0,-29998,3/12/2018 15:52
DC Power - External:1000 V / 1 V Range:Yokogawa WT1600*0,99970,3/12/2018 15:52
DC Power - External:1000 V / 1 V Range:Yokogawa WT1600*0,-100010,3/12/2018 15:52
AC Power - External:30 V / 0.05 V Range:Yokogawa WT1600*0,150.2,3/12/2018 15:53
AC Power - External:30 V / 0.05 V Range:Yokogawa WT1600*0,149.8,3/12/2018 15:53
AC Power - External:30 V / 0.05 V Range:Yokogawa WT1600*0,150.1,3/12/2018 15:53
AC Power - External:30 V / 0.1 V Range:Yokogawa WT1600*0,300.1,3/12/2018 15:53
AC Power - External:30 V / 0.1 V Range:Yokogawa WT1600*0,300,3/12/2018 15:53
AC Power - External:30 V / 0.1 V Range:Yokogawa WT1600*0,300,3/12/2018 15:53
AC Power - External:30 V / 0.25 V Range:Yokogawa WT1600*0,0.1,3/12/2018 15:53
AC Power - External:30 V / 0.25 V Range:Yokogawa WT1600*0,750,3/12/2018 15:53
AC Power - External:30 V / 0.25 V Range:Yokogawa WT1600*0,749.9,3/12/2018 15:54
AC Power - External:30 V / 0.25 V Range:Yokogawa WT1600*0,749.8,3/12/2018 15:54
AC Power - External:30 V / 0.5 V Range:Yokogawa WT1600*0,1499.1,3/12/2018 15:54
AC Power - External:30 V / 0.5 V Range:Yokogawa WT1600*0,1499.1,3/12/2018 15:54
AC Power - External:30 V / 0.5 V Range:Yokogawa WT1600*0,1499.2,3/12/2018 15:54
AC Power - External:30 V / 1 V Range:Yokogawa WT1600*0,-0.2,3/12/2018 15:54
AC Power - External:30 V / 1 V Range:Yokogawa WT1600*0,2998.1,3/12/2018 15:54
AC Power - External:30 V / 1 V Range:Yokogawa WT1600*0,2998.1,3/12/2018 15:54
AC Power - External:30 V / 1 V Range:Yokogawa WT1600*0,2998.4,3/12/2018 15:55
AC Power - External:30 V / 1 V Range:Yokogawa WT1600*0,2999.3,3/12/2018 15:55
AC Power - External:30 V / 2.5 V Range:Yokogawa WT1600*0,7495,3/12/2018 15:55
AC Power - External:30 V / 2.5 V Range:Yokogawa WT1600*0,7497,3/12/2018 15:55
AC Power - External:30 V / 2.5 V Range:Yokogawa WT1600*0,7495,3/12/2018 15:55
AC Power - External:30 V / 2.5 V Range:Yokogawa WT1600*0,7496,3/12/2018 15:55
AC Power - External:30 V / 5 V Range:Yokogawa WT1600*0,14991,3/12/2018 15:55
AC Power - External:30 V / 5 V Range:Yokogawa WT1600*0,14991,3/12/2018 15:56
AC Power - External:30 V / 5 V Range:Yokogawa WT1600*0,14994,3/12/2018 15:56
AC Power - External:30 V / 5 V Range:Yokogawa WT1600*0,14984,3/12/2018 15:56
AC Power - External:30 V / 10 V Range:Yokogawa WT1600*0,14989,3/12/2018 15:56
AC Power - External:30 V / 10 V Range:Yokogawa WT1600*0,14993,3/12/2018 15:56
AC Power - External:30 V / 10 V Range:Yokogawa WT1600*0,14995,3/12/2018 15:56
AC Power - External:30 V / 10 V Range:Yokogawa WT1600*0,14987,3/12/2018 15:56
DC Current - External:0.05 V Range:Yokogawa WT1600*0,5.01,3/12/2018 15:59
DC Current - External:0.05 V Range:Yokogawa WT1600*0,-4.99,3/12/2018 15:59
DC Current - External:0.1 V Range:Yokogawa WT1600*0,10.01,3/12/2018 15:59
DC Current - External:0.1 V Range:Yokogawa WT1600*0,-9.98,3/12/2018 15:59
DC Current - External:0.25 V Range:Yokogawa WT1600*0,25.01,3/12/2018 16:00
DC Current - External:0.25 V Range:Yokogawa WT1600*0,-24.97,3/12/2018 16:00
DC Current - External:0.5 V Range:Yokogawa WT1600*0,50.02,3/12/2018 16:00
DC Current - External:0.5 V Range:Yokogawa WT1600*0,-50,3/12/2018 16:00
DC Current - External:1 V Range:Yokogawa WT1600*0,100.01,3/12/2018 16:00
DC Current - External:1 V Range:Yokogawa WT1600*0,50.02,3/12/2018 16:00
DC Current - External:1 V Range:Yokogawa WT1600*0,10.01,3/12/2018 16:00
DC Current - External:1 V Range:Yokogawa WT1600*0,1.01,3/12/2018 16:00
DC Current - External:1 V Range:Yokogawa WT1600*0,-0.98,3/12/2018 16:00
DC Current - External:1 V Range:Yokogawa WT1600*0,-9.98,3/12/2018 16:00
DC Current - External:1 V Range:Yokogawa WT1600*0,-49.99,3/12/2018 16:00
DC Current - External:1 V Range:Yokogawa WT1600*0,-100.01,3/12/2018 16:00
DC Current - External:2.5 V Range:Yokogawa WT1600*0,249.99,3/12/2018 16:00
DC Current - External:2.5 V Range:Yokogawa WT1600*0,-250.06,3/12/2018 16:00
DC Current - External:5 V Range:Yokogawa WT1600*0,499.96,3/12/2018 16:00
DC Current - External:5 V Range:Yokogawa WT1600*0,-500.07,3/12/2018 16:00
DC Current - External:10 V Range:Yokogawa WT1600*0,1000.2,3/12/2018 16:00
DC Current - External:10 V Range:Yokogawa WT1600*0,-1000.2,3/12/2018 16:00
AC Current - External:0.05 V Range:Yokogawa WT1600*0,5.01,3/12/2018 16:00
AC Current - External:0.05 V Range:Yokogawa WT1600*0,5,3/12/2018 16:00
AC Current - External:0.05 V Range:Yokogawa WT1600*0,5.01,3/12/2018 16:00
AC Current - External:0.05 V Range:Yokogawa WT1600*0,5.01,3/12/2018 16:00
AC Current - External:0.05 V Range:Yokogawa WT1600*0,5.04,3/12/2018 16:00
AC Current - External:0.05 V Range:Yokogawa WT1600*0,4.94,3/12/2018 16:01
AC Current - External:0.1 V Range:Yokogawa WT1600*0,10.01,3/12/2018 16:01
AC Current - External:0.1 V Range:Yokogawa WT1600*0,10.02,3/12/2018 16:01
AC Current - External:0.1 V Range:Yokogawa WT1600*0,10,3/12/2018 16:01
AC Current - External:0.1 V Range:Yokogawa WT1600*0,10.02,3/12/2018 16:01
AC Current - External:0.1 V Range:Yokogawa WT1600*0,10.05,3/12/2018 16:01
AC Current - External:0.1 V Range:Yokogawa WT1600*0,9.87,3/12/2018 16:01
AC Current - External:0.25 V Range:Yokogawa WT1600*0,25,3/12/2018 16:01
AC Current - External:0.25 V Range:Yokogawa WT1600*0,25,3/12/2018 16:01
AC Current - External:0.25 V Range:Yokogawa WT1600*0,25,3/12/2018 16:01
AC Current - External:0.25 V Range:Yokogawa WT1600*0,25.04,3/12/2018 16:01
AC Current - External:0.25 V Range:Yokogawa WT1600*0,25.14,3/12/2018 16:01
AC Current - External:0.25 V Range:Yokogawa WT1600*0,24.67,3/12/2018 16:01
AC Current - External:0.5 V Range:Yokogawa WT1600*0,50.01,3/12/2018 16:01
AC Current - External:0.5 V Range:Yokogawa WT1600*0,50.02,3/12/2018 16:01
AC Current - External:0.5 V Range:Yokogawa WT1600*0,50.02,3/12/2018 16:01
AC Current - External:0.5 V Range:Yokogawa WT1600*0,50.1,3/12/2018 16:01
AC Current - External:0.5 V Range:Yokogawa WT1600*0,50.28,3/12/2018 16:01
AC Current - External:0.5 V Range:Yokogawa WT1600*0,49.39,3/12/2018 16:01
AC Current - External:1 V Range:Yokogawa WT1600*0,100.02,3/12/2018 16:01
AC Current - External:1 V Range:Yokogawa WT1600*0,100.02,3/12/2018 16:01
AC Current - External:1 V Range:Yokogawa WT1600*0,100.03,3/12/2018 16:01
AC Current - External:1 V Range:Yokogawa WT1600*0,100.19,3/12/2018 16:02
AC Current - External:1 V Range:Yokogawa WT1600*0,100.54,3/12/2018 16:02
AC Current - External:1 V Range:Yokogawa WT1600*0,98.8,3/12/2018 16:02
AC Current - External:2.5 V Range:Yokogawa WT1600*0,250.05,3/12/2018 16:02
AC Current - External:2.5 V Range:Yokogawa WT1600*0,250.07,3/12/2018 16:02
AC Current - External:2.5 V Range:Yokogawa WT1600*0,250.04,3/12/2018 16:02
AC Current - External:2.5 V Range:Yokogawa WT1600*0,250.53,3/12/2018 16:02
AC Current - External:2.5 V Range:Yokogawa WT1600*0,251.64,3/12/2018 16:02
AC Current - External:2.5 V Range:Yokogawa WT1600*0,250.01,3/12/2018 16:02
AC Current - External:5 V Range:Yokogawa WT1600*0,500.07,3/12/2018 16:02
AC Current - External:5 V Range:Yokogawa WT1600*0,500.05,3/12/2018 16:02
AC Current - External:5 V Range:Yokogawa WT1600*0,500.07,3/12/2018 16:02
AC Current - External:5 V Range:Yokogawa WT1600*0,500.86,3/12/2018 16:02
AC Current - External:5 V Range:Yokogawa WT1600*0,503.32,3/12/2018 16:02
AC Current - External:5 V Range:Yokogawa WT1600*0,300.18,3/12/2018 16:02
AC Current - External:10 V Range:Yokogawa WT1600*0,1000.2,3/12/2018 16:02
AC Current - External:10 V Range:Yokogawa WT1600*0,1000.2,3/12/2018 16:02
AC Current - External:10 V Range:Yokogawa WT1600*0,1000.2,3/12/2018 16:02
AC Current - External:10 V Range:Yokogawa WT1600*0,1001.9,3/12/2018 16:02
AC Current - External:10 V Range:Yokogawa WT1600*0,1006.5,3/12/2018 16:02
AC Current - External:10 V Range:Yokogawa WT1600*0,299.9,3/12/2018 16:02
